work_year,experience_level,employment_type,job_title,salary,salary_currency,salary_in_usd,employee_residence,remote_ratio,company_location,company_size,cluster
2023,SE,FT,Principal Data Scientist,80000.0,EUR,85847.0,ES,100,ES,L,1
2023,MI,CT,ML Engineer,30000.0,USD,30000.0,US,100,US,S,1
2023,MI,CT,ML Engineer,25500.0,USD,25500.0,US,100,US,S,1
2023,SE,FT,Data Scientist,175000.0,USD,175000.0,CA,100,CA,M,0
2023,SE,FT,Data Scientist,120000.0,USD,120000.0,CA,100,CA,M,0
2023,SE,FT,Applied Scientist,222200.0,USD,222200.0,US,0,US,L,0
2023,SE,FT,Applied Scientist,136000.0,USD,136000.0,US,0,US,L,0
2023,SE,FT,Data Scientist,219000.0,USD,219000.0,CA,0,CA,M,0
2023,SE,FT,Data Scientist,141000.0,USD,141000.0,CA,0,CA,M,0
2023,SE,FT,Data Scientist,147100.0,USD,147100.0,US,0,US,M,0
2023,SE,FT,Data Scientist,90700.0,USD,90700.0,US,0,US,M,0
2023,SE,FT,Data Analyst,130000.0,USD,130000.0,US,100,US,M,0
2023,SE,FT,Data Analyst,100000.0,USD,100000.0,US,100,US,M,0
2023,EN,FT,Applied Scientist,130760.0,USD,130760.0,US,0,US,L,0
2023,SE,FT,Data Modeler,147100.0,USD,147100.0,US,0,US,M,0
2023,SE,FT,Data Modeler,90700.0,USD,90700.0,US,0,US,M,0
2023,SE,FT,Data Scientist,170000.0,USD,170000.0,US,0,US,M,0
2023,SE,FT,Data Scientist,150000.0,USD,150000.0,US,0,US,M,0
2023,MI,FT,Data Analyst,150000.0,USD,150000.0,US,100,US,M,0
2023,MI,FT,Data Analyst,110000.0,USD,110000.0,US,100,US,M,0
2023,SE,FT,Research Engineer,275000.0,USD,275000.0,DE,0,DE,M,0
2023,SE,FT,Research Engineer,174000.0,USD,174000.0,DE,0,DE,M,0
2023,SE,FT,Analytics Engineer,230000.0,USD,230000.0,GB,100,GB,M,0
2023,SE,FT,Analytics Engineer,143200.0,USD,143200.0,GB,100,GB,M,0
2023,SE,FT,Business Intelligence Engineer,225000.0,USD,225000.0,US,0,US,M,0
2023,SE,FT,Business Intelligence Engineer,156400.0,USD,156400.0,US,0,US,M,0
2023,SE,FT,Machine Learning Engineer,200000.0,USD,200000.0,US,0,US,M,0
2023,SE,FT,Machine Learning Engineer,130000.0,USD,130000.0,US,0,US,M,0
2023,SE,FT,Data Strategist,90000.0,USD,90000.0,CA,0,CA,M,0
2023,SE,FT,Data Strategist,72000.0,USD,72000.0,CA,0,CA,M,0
2023,SE,FT,Data Engineer,253200.0,USD,253200.0,US,0,US,M,0
2023,SE,FT,Data Engineer,90700.0,USD,90700.0,US,0,US,M,0
2023,SE,FT,Computer Vision Engineer,342810.0,USD,342810.0,US,0,US,M,0
2023,SE,FT,Computer Vision Engineer,184590.0,USD,184590.0,US,0,US,M,0
2023,MI,FT,Data Engineer,162500.0,USD,162500.0,US,0,US,M,0
2023,MI,FT,Data Engineer,130000.0,USD,130000.0,US,0,US,M,0
2023,MI,FT,Data Analyst,64500.0,USD,64500.0,US,0,US,M,0
2023,EN,FT,Data Quality Analyst,100000.0,USD,100000.0,NG,100,NG,L,1
2023,EN,FT,Compliance Data Analyst,30000.0,USD,30000.0,NG,100,NG,L,1
2022,MI,FT,Machine Learning Engineer,1650000.0,INR,20984.0,IN,50,IN,L,1
2023,EN,FT,Applied Scientist,204620.0,USD,204620.0,US,0,US,L,0
2023,EN,FT,Applied Scientist,110680.0,USD,110680.0,US,0,US,L,0
2023,SE,FT,Data Engineer,270703.0,USD,270703.0,US,0,US,M,0
2023,SE,FT,Data Engineer,221484.0,USD,221484.0,US,0,US,M,0
2023,SE,FT,Data Scientist,212750.0,USD,212750.0,US,100,US,M,0
2023,SE,FT,Data Scientist,185000.0,USD,185000.0,US,100,US,M,0
2023,SE,FT,Data Scientist,262000.0,USD,262000.0,US,100,US,M,0
2023,SE,FT,Data Scientist,245000.0,USD,245000.0,US,100,US,M,0
2023,SE,FT,Data Scientist,275300.0,USD,275300.0,US,100,US,M,0
2023,SE,FT,Data Scientist,183500.0,USD,183500.0,US,100,US,M,0
2023,SE,FT,Data Scientist,218500.0,USD,218500.0,US,100,US,M,0
2023,SE,FT,Data Scientist,199098.0,USD,199098.0,US,100,US,M,0
2023,SE,FT,Data Engineer,203300.0,USD,203300.0,US,100,US,M,0
2023,SE,FT,Data Engineer,123600.0,USD,123600.0,US,100,US,M,0
2023,SE,FT,Research Engineer,189110.0,USD,189110.0,US,0,US,M,0
2023,SE,FT,Research Engineer,139000.0,USD,139000.0,US,0,US,M,0
2023,EX,FT,Data Scientist,258750.0,USD,258750.0,US,0,US,M,0
2023,EX,FT,Data Scientist,185000.0,USD,185000.0,US,0,US,M,0
2023,SE,FT,Data Engineer,231500.0,USD,231500.0,US,100,US,M,0
2023,SE,FT,Data Engineer,166000.0,USD,166000.0,US,100,US,M,0
2023,SE,FT,Data Scientist,172500.0,USD,172500.0,US,100,US,M,0
2023,SE,FT,Data Scientist,110500.0,USD,110500.0,US,100,US,M,0
2023,SE,FT,Data Engineer,238000.0,USD,238000.0,US,0,US,M,0
2023,SE,FT,Data Engineer,176000.0,USD,176000.0,US,0,US,M,0
2023,SE,FT,Data Engineer,237000.0,USD,237000.0,US,100,US,M,0
2023,SE,FT,Data Engineer,201450.0,USD,201450.0,US,100,US,M,0
2023,SE,FT,Applied Scientist,309400.0,USD,309400.0,US,0,US,L,0
2023,SE,FT,Applied Scientist,159100.0,USD,159100.0,US,0,US,L,0
2023,SE,FT,Data Engineer,115000.0,USD,115000.0,US,0,US,M,0
2023,SE,FT,Data Engineer,81500.0,USD,81500.0,US,0,US,M,0
2023,SE,FT,Data Scientist,201450.0,USD,201450.0,US,100,US,M,0
2023,SE,FT,Computer Vision Engineer,280000.0,USD,280000.0,US,0,US,M,0
2023,SE,FT,Computer Vision Engineer,210000.0,USD,210000.0,US,0,US,M,0
2023,SE,FT,Data Architect,280100.0,USD,280100.0,US,100,US,M,0
2023,SE,FT,Data Architect,168100.0,USD,168100.0,US,100,US,M,0
2023,SE,FT,Data Engineer,193500.0,USD,193500.0,US,100,US,M,0
2023,MI,FT,Data Scientist,510000.0,HKD,65062.0,HK,0,HK,L,1
2023,SE,FT,Machine Learning Engineer,150000.0,USD,150000.0,PT,100,US,M,0
2023,MI,FT,Applied Machine Learning Engineer,65000.0,EUR,69751.0,IN,100,DE,S,1
2022,EN,FT,AI Developer,300000.0,USD,300000.0,IN,50,IN,L,0
2023,MI,FT,Machine Learning Engineer,90000.0,EUR,96578.0,NL,100,NL,L,1
2023,SE,FT,Business Intelligence Engineer,185900.0,USD,185900.0,US,0,US,M,0
2023,SE,FT,Business Intelligence Engineer,129300.0,USD,129300.0,US,0,US,M,0
2023,SE,FT,Data Engineer,225000.0,USD,225000.0,US,100,US,M,0
2023,SE,FT,Data Engineer,175000.0,USD,175000.0,US,100,US,M,0
2023,SE,FT,Data Engineer,185000.0,USD,185000.0,US,0,US,M,0
2023,SE,FT,Data Engineer,140000.0,USD,140000.0,US,0,US,M,0
2023,SE,FT,Data Scientist,45000.0,EUR,48289.0,ES,0,ES,M,0
2023,SE,FT,Data Scientist,36000.0,EUR,38631.0,ES,0,ES,M,0
2023,SE,FT,Data Scientist,105000.0,USD,105000.0,US,0,US,M,0
2023,SE,FT,Data Scientist,70000.0,USD,70000.0,US,0,US,M,0
2023,EN,FT,Machine Learning Engineer,163196.0,USD,163196.0,US,0,US,M,0
2023,EN,FT,Machine Learning Engineer,145885.0,USD,145885.0,US,0,US,M,0
2023,SE,FT,Data Engineer,217000.0,USD,217000.0,US,100,US,M,0
2023,SE,FT,Data Engineer,185000.0,USD,185000.0,US,100,US,M,0
2023,SE,FT,Data Analyst,202800.0,USD,202800.0,US,0,US,L,0
2023,SE,FT,Data Analyst,104300.0,USD,104300.0,US,0,US,L,0
2023,SE,FT,Data Analyst,145000.0,USD,145000.0,US,0,US,M,0
2023,SE,FT,Data Analyst,65000.0,USD,65000.0,US,0,US,M,0
2023,SE,FT,Data Engineer,165000.0,USD,165000.0,US,0,US,M,0
2023,SE,FT,Data Engineer,132300.0,USD,132300.0,US,0,US,M,0
2023,SE,FT,Data Engineer,179170.0,USD,179170.0,US,0,US,M,0
2023,SE,FT,Data Engineer,94300.0,USD,94300.0,US,0,US,M,0
2023,SE,FT,Analytics Engineer,152500.0,USD,152500.0,US,0,US,M,0
2023,SE,FT,Analytics Engineer,116450.0,USD,116450.0,US,0,US,M,0
2023,SE,FT,Data Engineer,247300.0,USD,247300.0,US,0,US,M,0
2023,SE,FT,Data Engineer,133800.0,USD,133800.0,US,0,US,M,0
2023,SE,FT,Research Engineer,203000.0,USD,203000.0,US,0,US,M,0
2023,SE,FT,Research Engineer,133000.0,USD,133000.0,US,0,US,M,0
2023,EN,FT,Research Scientist,220000.0,USD,220000.0,US,50,US,L,0
2022,EN,FT,Machine Learning Engineer,54000.0,CHF,56536.0,CH,100,CH,S,1
2023,SE,FT,Data Scientist,150000.0,USD,150000.0,US,0,US,M,0
2023,SE,FT,Data Scientist,120000.0,USD,120000.0,US,0,US,M,0
2023,SE,FT,Analytics Engineer,289800.0,USD,289800.0,US,0,US,M,0
2023,SE,FT,Analytics Engineer,214000.0,USD,214000.0,US,0,US,M,0
2023,SE,FT,Analytics Engineer,179820.0,USD,179820.0,US,0,US,M,0
2023,SE,FT,Analytics Engineer,143860.0,USD,143860.0,US,0,US,M,0
2023,SE,FT,Machine Learning Engineer,283200.0,USD,283200.0,US,100,US,M,0
2023,SE,FT,Machine Learning Engineer,188800.0,USD,188800.0,US,100,US,M,0
2023,SE,FT,Analytics Engineer,289800.0,USD,289800.0,US,0,US,M,0
2023,SE,FT,Analytics Engineer,214200.0,USD,214200.0,US,0,US,M,0
2023,SE,FT,Data Engineer,185900.0,USD,185900.0,US,0,US,M,0
2023,SE,FT,Data Engineer,129300.0,USD,129300.0,US,0,US,M,0
2023,SE,FT,Data Engineer,252000.0,USD,252000.0,US,0,US,M,0
2023,SE,FT,Data Engineer,129000.0,USD,129000.0,US,0,US,M,0
2023,MI,FT,Data Analytics Manager,155000.0,USD,155000.0,US,0,US,M,0
2023,MI,FT,Data Analytics Manager,140000.0,USD,140000.0,US,0,US,M,0
2023,SE,FT,Data Engineer,161800.0,USD,161800.0,US,100,US,M,0
2023,SE,FT,Data Engineer,141600.0,USD,141600.0,US,100,US,M,0
2023,SE,FT,Machine Learning Engineer,342300.0,USD,342300.0,US,0,US,L,0
2023,SE,FT,Machine Learning Engineer,176100.0,USD,176100.0,US,0,US,L,0
2023,MI,FT,Data Engineer,100000.0,USD,100000.0,US,100,US,M,0
2023,MI,FT,Data Engineer,70000.0,USD,70000.0,US,100,US,M,0
2023,EN,FT,Data Engineer,85000.0,USD,85000.0,US,0,US,M,0
2023,SE,FT,Data Scientist,138784.0,USD,138784.0,US,100,US,M,0
2023,SE,FT,Data Scientist,83270.0,USD,83270.0,US,100,US,M,0
2023,EN,FT,Data Analyst,75000.0,USD,75000.0,US,0,US,M,0
2023,EN,FT,Data Analyst,70000.0,USD,70000.0,US,0,US,M,0
2023,SE,FT,Data Analyst,204500.0,USD,204500.0,US,0,US,M,0
2023,SE,FT,Data Analyst,138900.0,USD,138900.0,US,0,US,M,0
2023,SE,FT,Machine Learning Engineer,318300.0,USD,318300.0,US,100,US,M,0
2023,SE,FT,Machine Learning Engineer,212200.0,USD,212200.0,US,100,US,M,0
2023,SE,FT,Data Engineer,95000.0,USD,95000.0,US,100,US,M,0
2023,SE,FT,Data Engineer,75000.0,USD,75000.0,US,100,US,M,0
2023,SE,FT,Data Scientist,195000.0,USD,195000.0,US,0,US,M,0
2023,SE,FT,Data Scientist,160000.0,USD,160000.0,US,0,US,M,0
2023,SE,FT,Analytics Engineer,230000.0,USD,230000.0,US,0,US,M,0
2023,SE,FT,Analytics Engineer,143200.0,USD,143200.0,US,0,US,M,0
2023,MI,FT,Data Engineer,100000.0,USD,100000.0,US,100,US,M,0
2023,MI,FT,Data Engineer,70000.0,USD,70000.0,US,100,US,M,0
2023,MI,FT,Business Data Analyst,105000.0,USD,105000.0,US,50,US,L,0
2023,MI,FT,Applied Data Scientist,1700000.0,INR,20670.0,IN,100,IN,L,1
2023,MI,FT,Data Analyst,38000.0,GBP,46178.0,GB,0,GB,M,1
2023,MI,FT,Data Analyst,35000.0,GBP,42533.0,GB,0,GB,M,1
2023,SE,FT,Data Engineer,145000.0,USD,145000.0,US,0,US,M,0
2023,SE,FT,Data Engineer,115000.0,USD,115000.0,US,0,US,M,0
2023,SE,FT,Data Analyst,168400.0,USD,168400.0,US,0,US,M,0
2023,SE,FT,Data Analyst,105200.0,USD,105200.0,US,0,US,M,0
2023,SE,FT,Applied Scientist,309400.0,USD,309400.0,US,0,US,L,0
2023,SE,FT,Applied Scientist,159100.0,USD,159100.0,US,0,US,L,0
2023,SE,FT,Machine Learning Engineer,190000.0,USD,190000.0,US,0,US,M,0
2023,SE,FT,Machine Learning Engineer,150000.0,USD,150000.0,US,0,US,M,0
2023,MI,FT,Data Engineer,162500.0,USD,162500.0,US,0,US,M,0
2023,MI,FT,Data Engineer,130000.0,USD,130000.0,US,0,US,M,0
2023,SE,FT,Analytics Engineer,150000.0,USD,150000.0,US,100,US,M,0
2023,SE,FT,Analytics Engineer,120000.0,USD,120000.0,US,100,US,M,0
2023,SE,FT,Data Engineer,145000.0,USD,145000.0,US,0,US,M,0
2023,SE,FT,Data Engineer,120000.0,USD,120000.0,US,0,US,M,0
2023,SE,FT,Applied Scientist,222200.0,USD,222200.0,US,0,US,L,0
2023,SE,FT,Applied Scientist,136000.0,USD,136000.0,US,0,US,L,0
2023,SE,FT,Data Analyst,45000.0,GBP,54685.0,CF,100,CF,M,0
2023,SE,FT,Data Analyst,35000.0,GBP,42533.0,CF,100,CF,M,1
2023,SE,FT,Data Engineer,241000.0,USD,241000.0,US,0,US,M,0
2023,SE,FT,Data Engineer,155000.0,USD,155000.0,US,0,US,M,0
2023,SE,FT,Data Engineer,220000.0,USD,220000.0,US,100,US,M,0
2023,SE,FT,Data Engineer,190000.0,USD,190000.0,US,100,US,M,0
2023,MI,FT,Data Scientist,55000.0,GBP,66837.0,GB,0,GB,M,1
2023,MI,FT,Data Scientist,45000.0,GBP,54685.0,GB,0,GB,M,1
2020,EX,FT,Staff Data Analyst,15000.0,USD,15000.0,NG,0,CA,M,1
2023,MI,FT,ETL Engineer,70000.0,GBP,85066.0,GB,100,GB,M,1
2023,MI,FT,ETL Engineer,47500.0,GBP,57723.0,GB,100,GB,M,1
2023,EN,FT,Data Analyst,85000.0,USD,85000.0,US,100,US,M,0
2023,EN,FT,Data Analyst,75000.0,USD,75000.0,US,100,US,M,0
2023,SE,FT,Data Engineer,160000.0,USD,160000.0,US,0,US,M,0
2023,SE,FT,Data Engineer,140000.0,USD,140000.0,US,0,US,M,0
2023,MI,FT,Machine Learning Engineer,300000.0,USD,300000.0,US,0,US,M,0
2023,MI,FT,Machine Learning Engineer,250000.0,USD,250000.0,US,0,US,M,0
2023,SE,FT,Data Scientist,228000.0,USD,228000.0,US,0,US,M,0
2023,SE,FT,Data Scientist,186000.0,USD,186000.0,US,0,US,M,0
2023,SE,FT,Data Scientist,190000.0,USD,190000.0,US,0,US,M,0
2023,SE,FT,Data Scientist,170000.0,USD,170000.0,US,0,US,M,0
2023,MI,FT,Research Engineer,230000.0,USD,230000.0,US,0,US,M,0
2023,MI,FT,Research Engineer,200000.0,USD,200000.0,US,0,US,M,0
2023,SE,FT,Data Architect,180000.0,USD,180000.0,US,100,US,M,0
2023,SE,FT,Data Architect,115000.0,USD,115000.0,US,100,US,M,0
2023,SE,FT,Data Architect,200000.0,USD,200000.0,US,100,US,M,0
2023,SE,FT,Data Architect,115000.0,USD,115000.0,US,100,US,M,0
2023,SE,FT,Data DevOps Engineer,50000.0,EUR,53654.0,FR,50,FR,S,1
2023,EX,FT,Data Engineer,220000.0,USD,220000.0,US,0,US,M,0
2023,EX,FT,Data Engineer,205000.0,USD,205000.0,US,0,US,M,0
2023,MI,FT,Data Engineer,180000.0,USD,180000.0,US,0,US,M,0
2023,MI,FT,Data Engineer,130000.0,USD,130000.0,US,0,US,M,0
2023,SE,FT,Data Engineer,200000.0,USD,200000.0,US,100,US,M,0
2023,SE,FT,Data Engineer,150000.0,USD,150000.0,US,100,US,M,0
2023,SE,FT,Computer Vision Engineer,215000.0,USD,215000.0,US,0,US,M,0
2023,SE,FT,Computer Vision Engineer,170000.0,USD,170000.0,US,0,US,M,0
2023,SE,FT,Machine Learning Engineer,247500.0,USD,247500.0,US,0,US,M,0
2023,SE,FT,Machine Learning Engineer,172200.0,USD,172200.0,US,0,US,M,0
2023,SE,FT,Data Scientist,224000.0,USD,224000.0,CA,0,CA,M,0
2023,SE,FT,Data Scientist,176000.0,USD,176000.0,CA,0,CA,M,0
2023,SE,FT,Data Analyst,120000.0,USD,120000.0,US,100,US,M,0
2023,SE,FT,Data Analyst,75000.0,USD,75000.0,US,100,US,M,0
2023,EN,FT,Data Engineer,1400000.0,INR,17022.0,IN,100,IN,L,1
2023,SE,FT,Applied Data Scientist,100000.0,AUD,68318.0,AU,100,FI,M,0
2023,MI,FT,AI Developer,100000.0,SGD,75020.0,FI,0,FI,M,0
2023,SE,FT,Data Analyst,140000.0,USD,140000.0,US,0,US,M,0
2023,SE,FT,Data Analyst,120000.0,USD,120000.0,US,0,US,M,0
2023,SE,FT,Data Engineer,128000.0,USD,128000.0,US,0,US,M,0
2023,SE,FT,Data Engineer,81500.0,USD,81500.0,US,0,US,M,0
2023,SE,FT,Data Engineer,145000.0,USD,145000.0,US,0,US,M,0
2023,SE,FT,Data Engineer,115000.0,USD,115000.0,US,0,US,M,0
2023,SE,FT,Data Engineer,185000.0,USD,185000.0,US,0,US,M,0
2023,SE,FT,Data Engineer,140000.0,USD,140000.0,US,0,US,M,0
2023,EX,FT,Head of Data,329500.0,USD,329500.0,US,0,US,M,0
2023,EX,FT,Head of Data,269600.0,USD,269600.0,US,0,US,M,0
2023,SE,FT,Data Quality Analyst,100000.0,USD,100000.0,US,0,US,M,0
2023,SE,FT,Data Quality Analyst,80000.0,USD,80000.0,US,0,US,M,0
2023,SE,FT,Data Scientist,250000.0,USD,250000.0,US,0,US,M,0
2023,SE,FT,Data Scientist,162500.0,USD,162500.0,US,0,US,M,0
2023,MI,FT,AI Developer,200000.0,USD,200000.0,US,100,US,M,0
2023,SE,FT,Data Engineer,145000.0,USD,145000.0,US,0,US,M,0
2023,SE,FT,Data Engineer,100000.0,USD,100000.0,US,0,US,M,0
2023,EX,FT,Data Engineer,145000.0,USD,145000.0,US,0,US,M,0
2023,EX,FT,Data Engineer,115000.0,USD,115000.0,US,0,US,M,0
2023,SE,FT,Data Scientist,203500.0,USD,203500.0,US,0,US,M,0
2023,SE,FT,Data Scientist,152000.0,USD,152000.0,US,0,US,M,0
2023,SE,FT,Data Scientist,239000.0,USD,239000.0,US,0,US,L,0
2023,SE,FT,Data Scientist,122900.0,USD,122900.0,US,0,US,L,0
2023,SE,FT,Data Scientist,237000.0,USD,237000.0,US,0,US,M,0
2023,SE,FT,Data Scientist,145000.0,USD,145000.0,US,0,US,M,0
2023,SE,FT,Data Science Manager,191765.0,USD,191765.0,US,0,US,M,0
2023,SE,FT,Data Science Manager,134236.0,USD,134236.0,US,0,US,M,0
2023,SE,FT,Analytics Engineer,190000.0,USD,190000.0,US,100,US,M,0
2023,SE,FT,Analytics Engineer,112000.0,USD,112000.0,US,100,US,M,0
2022,SE,FT,Data Scientist,84000.0,EUR,88256.0,ES,100,GB,L,1
2023,EN,FT,Data Engineer,85000.0,USD,85000.0,US,0,US,M,0
2023,EN,FT,Data Engineer,65000.0,USD,65000.0,US,0,US,M,0
2023,SE,FT,Data Analyst,135000.0,USD,135000.0,US,0,US,M,0
2023,SE,FT,Data Analyst,105500.0,USD,105500.0,US,0,US,M,0
2023,SE,FT,Research Engineer,293000.0,USD,293000.0,US,0,US,M,0
2023,SE,FT,Research Engineer,185000.0,USD,185000.0,US,0,US,M,0
2023,SE,FT,Data Analyst,80000.0,USD,80000.0,US,0,US,M,0
2023,SE,FT,Data Analyst,70000.0,USD,70000.0,US,0,US,M,0
2023,SE,FT,Data Engineer,220000.0,USD,220000.0,US,100,US,M,0
2023,SE,FT,Data Engineer,160000.0,USD,160000.0,US,100,US,M,0
2023,SE,FT,Data Scientist,175000.0,USD,175000.0,US,100,US,M,0
2023,SE,FT,Data Scientist,145000.0,USD,145000.0,US,100,US,M,0
2023,SE,FT,Data Analyst,200000.0,USD,200000.0,US,0,US,M,0
2023,SE,FT,Data Analyst,148500.0,USD,148500.0,US,0,US,M,0
2023,SE,FT,Data Scientist,45000.0,EUR,48289.0,ES,0,ES,M,0
2023,SE,FT,Data Scientist,36000.0,EUR,38631.0,ES,0,ES,M,0
2023,SE,FT,Data Engineer,240500.0,USD,240500.0,US,0,US,L,0
2023,SE,FT,Data Engineer,123700.0,USD,123700.0,US,0,US,L,0
2023,SE,FT,Analytics Engineer,152900.0,USD,152900.0,US,100,US,M,0
2023,SE,FT,Analytics Engineer,117100.0,USD,117100.0,US,100,US,M,0
2023,SE,FT,Analytics Engineer,173000.0,USD,173000.0,US,100,US,M,0
2023,SE,FT,Analytics Engineer,113000.0,USD,113000.0,US,100,US,M,0
2023,SE,FT,Applied Scientist,260000.0,USD,260000.0,US,0,US,L,0
2023,SE,FT,Applied Scientist,136000.0,USD,136000.0,US,0,US,L,0
2023,EX,FT,Data Engineer,175000.0,USD,175000.0,US,0,US,M,0
2023,EX,FT,Data Engineer,110000.0,USD,110000.0,US,0,US,M,0
2023,SE,FT,Applied Scientist,260000.0,USD,260000.0,US,0,US,L,0
2023,SE,FT,Applied Scientist,136000.0,USD,136000.0,US,0,US,L,0
2023,SE,FT,Research Scientist,130000.0,USD,130000.0,US,100,US,M,0
2023,SE,FT,Research Scientist,110000.0,USD,110000.0,US,100,US,M,0
2023,SE,FT,Applied Scientist,205000.0,USD,205000.0,US,100,US,M,0
2023,SE,FT,Applied Scientist,184000.0,USD,184000.0,US,100,US,M,0
2023,SE,FT,Data Analyst,149500.0,USD,149500.0,US,100,US,M,0
2023,SE,FT,Data Analyst,127075.0,USD,127075.0,US,100,US,M,0
2023,SE,FT,Data Scientist,195000.0,USD,195000.0,US,0,US,M,0
2023,SE,FT,Data Scientist,160000.0,USD,160000.0,US,0,US,M,0
2023,SE,FT,Data Engineer,219535.0,USD,219535.0,US,100,US,M,0
2023,SE,FT,Data Engineer,146115.0,USD,146115.0,US,100,US,M,0
2023,SE,FT,Data Scientist,170000.0,USD,170000.0,US,0,US,M,0
2023,SE,FT,Data Scientist,135000.0,USD,135000.0,US,0,US,M,0
2023,SE,FT,Data Scientist,175000.0,USD,175000.0,US,100,US,M,0
2023,SE,FT,Data Scientist,145000.0,USD,145000.0,US,100,US,M,0
2023,SE,FT,Data Scientist,199000.0,USD,199000.0,US,0,US,M,0
2023,SE,FT,Data Scientist,162000.0,USD,162000.0,US,0,US,M,0
2023,SE,FT,Applied Scientist,222200.0,USD,222200.0,US,0,US,L,0
2023,SE,FT,Applied Scientist,136000.0,USD,136000.0,US,0,US,L,0
2023,EX,FT,Analytics Engineer,221000.0,USD,221000.0,US,100,US,M,0
2023,EX,FT,Analytics Engineer,153000.0,USD,153000.0,US,100,US,M,0
2023,SE,FT,Data Analyst,187000.0,USD,187000.0,US,0,US,M,0
2023,SE,FT,Data Analyst,128000.0,USD,128000.0,US,0,US,M,0
2023,SE,FT,Research Scientist,210000.0,USD,210000.0,US,0,US,M,0
2023,SE,FT,Research Scientist,136000.0,USD,136000.0,US,0,US,M,0
2023,SE,FT,Data Scientist,175000.0,USD,175000.0,US,100,US,M,0
2023,SE,FT,Data Scientist,100000.0,USD,100000.0,US,100,US,M,0
2023,SE,FT,Data Engineer,179000.0,USD,179000.0,US,0,US,M,0
2023,SE,FT,Data Engineer,109000.0,USD,109000.0,US,0,US,M,0
2023,SE,FT,Data Scientist,245000.0,USD,245000.0,US,0,US,M,0
2023,SE,FT,Data Scientist,180000.0,USD,180000.0,US,0,US,M,0
2023,SE,FT,Data Analyst,142000.0,USD,142000.0,US,100,US,M,0
2023,SE,FT,Data Analyst,75000.0,USD,75000.0,US,100,US,M,0
2023,SE,FT,Data Manager,198800.0,USD,198800.0,US,0,US,M,0
2023,SE,FT,Data Manager,105200.0,USD,105200.0,US,0,US,M,0
2023,SE,FT,Data Analyst,125000.0,USD,125000.0,US,100,US,M,0
2023,SE,FT,Data Analyst,112000.0,USD,112000.0,US,100,US,M,0
2023,SE,FT,Data Scientist,210000.0,USD,210000.0,US,0,US,M,0
2023,SE,FT,Data Scientist,155000.0,USD,155000.0,US,0,US,M,0
2023,SE,FT,Data Manager,115000.0,USD,115000.0,US,100,US,M,0
2023,SE,FT,Data Manager,86000.0,USD,86000.0,US,100,US,M,0
2023,SE,FT,Data Scientist,165000.0,USD,165000.0,US,0,US,M,0
2023,SE,FT,Data Scientist,140000.0,USD,140000.0,US,0,US,M,0
2023,SE,FT,Data Analyst,139000.0,USD,139000.0,US,0,US,M,0
2023,SE,FT,Data Analyst,106000.0,USD,106000.0,US,0,US,M,0
2023,EN,FT,Data Analyst,55000.0,CAD,40663.0,CA,0,CA,L,1
2022,SE,FT,AI Developer,275000.0,USD,275000.0,CA,0,CA,S,0
2023,SE,FL,Machine Learning Researcher,50000.0,USD,50000.0,UA,50,UA,S,1
2023,MI,FT,Machine Learning Engineer,280700.0,USD,280700.0,US,100,US,M,0
2023,MI,FT,Machine Learning Engineer,150450.0,USD,150450.0,US,100,US,M,0
2023,EN,FT,Data Scientist,70000.0,CAD,51753.0,CA,100,CA,L,1
2023,SE,FT,Data Architect,250500.0,USD,250500.0,US,0,US,M,0
2023,SE,FT,Data Architect,159500.0,USD,159500.0,US,0,US,M,0
2023,SE,FT,Data Engineer,145000.0,USD,145000.0,US,0,US,M,0
2023,SE,FT,Data Engineer,115000.0,USD,115000.0,US,0,US,M,0
2023,SE,FT,Data Analyst,140000.0,USD,140000.0,US,0,US,M,0
2023,SE,FT,Data Analyst,120000.0,USD,120000.0,US,0,US,M,0
2023,EN,FT,Data Scientist,130001.0,USD,130001.0,US,100,US,M,0
2023,EN,FT,Data Scientist,71907.0,USD,71907.0,US,100,US,M,0
2023,MI,FT,Data Scientist,93918.0,USD,93918.0,US,100,US,M,0
2023,MI,FT,Data Scientist,51962.0,USD,51962.0,US,100,US,M,0
2023,SE,FT,Data Analyst,175000.0,USD,175000.0,CA,100,CA,M,0
2023,SE,FT,Data Analyst,135000.0,USD,135000.0,CA,100,CA,M,0
2023,EN,FT,Data Engineer,85000.0,USD,85000.0,US,0,US,M,0
2023,EN,FT,Data Engineer,65000.0,USD,65000.0,US,0,US,M,0
2023,SE,FT,Machine Learning Engineer,257000.0,USD,257000.0,US,0,US,M,0
2023,SE,FT,Machine Learning Engineer,147000.0,USD,147000.0,US,0,US,M,0
2023,SE,FT,Data Engineer,222000.0,USD,222000.0,US,100,US,M,0
2023,SE,FT,Data Engineer,175000.0,USD,175000.0,US,100,US,M,0
2023,SE,FT,Data Scientist,203000.0,USD,203000.0,US,100,US,M,0
2023,SE,FT,Data Scientist,133200.0,USD,133200.0,US,100,US,M,0
2023,EN,FT,Applied Scientist,213660.0,USD,213660.0,US,0,US,L,0
2023,EN,FT,Applied Scientist,130760.0,USD,130760.0,US,0,US,L,0
2023,SE,FT,Data Engineer,221000.0,USD,221000.0,US,0,US,M,0
2023,SE,FT,Data Engineer,147000.0,USD,147000.0,US,0,US,M,0
2023,SE,FT,Data Quality Analyst,100000.0,USD,100000.0,US,0,US,M,0
2023,SE,FT,Data Quality Analyst,80000.0,USD,80000.0,US,0,US,M,0
2023,SE,FT,Data Scientist,185900.0,USD,185900.0,US,0,US,M,0
2023,SE,FT,Data Scientist,129300.0,USD,129300.0,US,0,US,M,0
2023,SE,FT,Data Scientist,238000.0,USD,238000.0,US,100,US,M,0
2023,SE,FT,Data Scientist,156000.0,USD,156000.0,US,100,US,M,0
2023,SE,FT,Machine Learning Engineer,304000.0,USD,304000.0,US,100,US,M,0
2023,SE,FT,Machine Learning Engineer,199000.0,USD,199000.0,US,100,US,M,0
2023,MI,FT,Big Data Engineer,45000.0,EUR,48289.0,ES,100,ES,M,1
2023,SE,FT,Data Engineer,150000.0,USD,150000.0,US,0,US,M,0
2023,SE,FT,Data Engineer,130000.0,USD,130000.0,US,0,US,M,0
2023,SE,FT,Data Scientist,140000.0,USD,140000.0,US,100,US,M,0
2023,SE,FT,Data Scientist,110000.0,USD,110000.0,US,100,US,M,0
2023,MI,FT,Data Analyst,90000.0,USD,90000.0,US,0,US,M,0
2023,MI,FT,Data Analyst,75000.0,USD,75000.0,US,0,US,M,0
2023,MI,FT,Research Scientist,161200.0,GBP,195895.0,GB,0,GB,M,0
2023,MI,FT,Research Scientist,84570.0,GBP,102772.0,GB,0,GB,M,0
2023,SE,FT,Data Engineer,240000.0,USD,240000.0,US,0,US,M,0
2023,SE,FT,Data Engineer,183600.0,USD,183600.0,US,0,US,M,0
2023,MI,FT,Data Specialist,130000.0,USD,130000.0,US,0,US,M,0
2023,MI,FT,Data Specialist,80000.0,USD,80000.0,US,0,US,M,0
2023,SE,FT,Data Engineer,250000.0,USD,250000.0,US,0,US,M,0
2023,SE,FT,Data Engineer,150000.0,USD,150000.0,US,0,US,M,0
2023,SE,FT,Data Analytics Manager,160000.0,USD,160000.0,US,100,US,M,0
2023,SE,FT,Data Analytics Manager,120000.0,USD,120000.0,US,100,US,M,0
2023,SE,FT,Machine Learning Engineer,289076.0,USD,289076.0,US,0,US,M,0
2023,SE,FT,Machine Learning Engineer,202353.0,USD,202353.0,US,0,US,M,0
2023,SE,FT,Data Engineer,145000.0,USD,145000.0,US,0,US,M,0
2023,SE,FT,Data Engineer,120000.0,USD,120000.0,US,0,US,M,0
2023,SE,FT,Data Analyst,155000.0,USD,155000.0,US,0,US,M,0
2023,SE,FT,Data Analyst,106000.0,USD,106000.0,US,0,US,M,0
2023,SE,FT,Data Engineer,200000.0,USD,200000.0,US,0,US,M,0
2023,SE,FT,Data Engineer,160000.0,USD,160000.0,US,0,US,M,0
2023,SE,FT,Data Scientist,157750.0,USD,157750.0,US,100,US,M,0
2023,SE,FT,Data Scientist,104650.0,USD,104650.0,US,100,US,M,0
2023,MI,FT,Data Scientist,180000.0,USD,180000.0,US,100,US,M,0
2023,MI,FT,Data Scientist,140000.0,USD,140000.0,US,100,US,M,0
2023,EX,FT,Data Scientist,200000.0,USD,200000.0,US,0,US,M,0
2023,EX,FT,Data Scientist,145000.0,USD,145000.0,US,0,US,M,0
2023,MI,FT,Lead Data Analyst,68000.0,USD,68000.0,US,0,US,L,0
2023,EN,FT,BI Data Engineer,60000.0,USD,60000.0,US,100,US,M,0
2023,SE,FT,Data Scientist,45000.0,EUR,48289.0,ES,0,ES,M,0
2023,SE,FT,Data Scientist,36000.0,EUR,38631.0,ES,0,ES,M,0
2023,EN,FT,Data Engineer,85000.0,USD,85000.0,US,0,US,M,0
2023,EN,FT,Data Engineer,65000.0,USD,65000.0,US,0,US,M,0
2023,MI,FT,Data Engineer,125000.0,USD,125000.0,US,0,US,M,0
2023,MI,FT,Data Engineer,90000.0,USD,90000.0,US,0,US,M,0
2023,SE,FT,Data Analyst,105000.0,USD,105000.0,US,100,US,M,0
2023,SE,FT,Data Analyst,90000.0,USD,90000.0,US,100,US,M,0
2023,SE,FT,Analytics Engineer,179820.0,USD,179820.0,US,0,US,M,0
2023,SE,FT,Analytics Engineer,143860.0,USD,143860.0,US,0,US,M,0
2023,SE,FT,Data Analyst,135000.0,USD,135000.0,US,0,US,M,0
2023,SE,FT,Data Analyst,105500.0,USD,105500.0,US,0,US,M,0
2023,EN,FT,Research Engineer,155000.0,USD,155000.0,US,0,US,M,0
2023,EN,FT,Research Engineer,125000.0,USD,125000.0,US,0,US,M,0
2023,SE,FT,Machine Learning Engineer,241000.0,USD,241000.0,US,0,US,M,0
2023,SE,FT,Machine Learning Engineer,181000.0,USD,181000.0,US,0,US,M,0
2023,SE,FT,Data Scientist,252000.0,USD,252000.0,US,0,US,M,0
2023,SE,FT,Data Scientist,154000.0,USD,154000.0,US,0,US,M,0
2023,EX,FT,Data Architect,180000.0,USD,180000.0,US,0,US,M,0
2023,EX,FT,Data Architect,155000.0,USD,155000.0,US,0,US,M,0
2023,SE,FT,Data Scientist,191765.0,USD,191765.0,US,0,US,M,0
2023,SE,FT,Data Scientist,134236.0,USD,134236.0,US,0,US,M,0
2023,SE,FT,Data Scientist,175000.0,USD,175000.0,US,100,US,M,0
2023,SE,FT,Data Scientist,145000.0,USD,145000.0,US,100,US,M,0
2023,SE,FT,Data Scientist,237000.0,USD,237000.0,US,100,US,M,0
2023,SE,FT,Data Scientist,145000.0,USD,145000.0,US,100,US,M,0
2023,EN,FT,Research Engineer,155000.0,USD,155000.0,US,0,US,M,0
2023,EN,FT,Research Engineer,125000.0,USD,125000.0,US,0,US,M,0
2023,SE,FT,Data Analyst,80000.0,USD,80000.0,US,0,US,M,0
2023,SE,FT,Data Analyst,70000.0,USD,70000.0,US,0,US,M,0
2023,SE,FT,Data Engineer,146000.0,USD,146000.0,US,0,US,M,0
2023,SE,FT,Data Engineer,75000.0,USD,75000.0,US,0,US,M,0
2023,EN,FT,Data Analyst,64200.0,USD,64200.0,US,100,US,M,0
2023,EN,FT,Data Analyst,56100.0,USD,56100.0,US,100,US,M,0
2023,SE,FT,Machine Learning Engineer,170000.0,USD,170000.0,US,0,US,M,0
2023,SE,FT,Machine Learning Engineer,130000.0,USD,130000.0,US,0,US,M,0
2023,SE,FT,Data Analyst,208450.0,USD,208450.0,US,100,US,M,0
2023,SE,FT,Data Analyst,170550.0,USD,170550.0,US,100,US,M,0
2023,SE,FT,Machine Learning Engineer,125000.0,USD,125000.0,US,0,US,M,0
2023,SE,FT,Machine Learning Engineer,100000.0,USD,100000.0,US,0,US,M,0
2023,MI,FT,Data Manager,135000.0,USD,135000.0,US,0,US,M,0
2023,MI,FT,Data Manager,120000.0,USD,120000.0,US,0,US,M,0
2023,SE,FT,Data Scientist,200000.0,USD,200000.0,US,100,US,M,0
2023,SE,FT,Data Scientist,170000.0,USD,170000.0,US,100,US,M,0
2023,SE,FT,Data Scientist,171250.0,USD,171250.0,IE,0,IE,M,0
2023,SE,FT,Data Scientist,113750.0,USD,113750.0,IE,0,IE,M,0
2023,SE,FT,Applied Scientist,222200.0,USD,222200.0,US,0,US,L,0
2023,SE,FT,Applied Scientist,136000.0,USD,136000.0,US,0,US,L,0
2023,SE,FT,Applied Scientist,260000.0,USD,260000.0,US,0,US,L,0
2023,SE,FT,Applied Scientist,136000.0,USD,136000.0,US,0,US,L,0
2023,SE,FT,Data Analyst,153600.0,USD,153600.0,US,0,US,M,0
2023,SE,FT,Data Analyst,100500.0,USD,100500.0,US,0,US,M,0
2023,SE,FT,Applied Scientist,205000.0,USD,205000.0,US,100,US,M,0
2023,SE,FT,Applied Scientist,184000.0,USD,184000.0,US,100,US,M,0
2023,SE,FT,Machine Learning Engineer,115000.0,USD,115000.0,CA,100,CA,M,0
2023,SE,FT,Machine Learning Engineer,95000.0,USD,95000.0,CA,100,CA,M,0
2023,MI,FT,Data Analyst,182500.0,USD,182500.0,US,0,US,M,0
2023,MI,FT,Data Analyst,121500.0,USD,121500.0,US,0,US,M,0
2023,SE,FT,Data Engineer,203100.0,USD,203100.0,US,0,US,M,0
2023,SE,FT,Data Engineer,114500.0,USD,114500.0,US,0,US,M,0
2023,MI,FT,Data Analyst,60000.0,GBP,72914.0,GB,0,GB,M,1
2023,MI,FT,Data Analyst,45000.0,GBP,54685.0,GB,0,GB,M,1
2023,SE,FT,Data Engineer,252000.0,USD,252000.0,US,0,US,M,0
2023,SE,FT,Data Engineer,129000.0,USD,129000.0,US,0,US,M,0
2023,EN,FT,Data Engineer,92700.0,USD,92700.0,US,100,US,M,0
2023,EN,FT,Data Engineer,61800.0,USD,61800.0,US,100,US,M,0
2023,SE,FT,Data Engineer,160000.0,USD,160000.0,US,100,US,M,0
2023,SE,FT,Data Engineer,130000.0,USD,130000.0,US,100,US,M,0
2023,SE,FT,Data Scientist,258000.0,USD,258000.0,CA,0,CA,M,0
2023,SE,FT,Data Scientist,190000.0,USD,190000.0,CA,0,CA,M,0
2023,SE,FT,Data Scientist,170000.0,USD,170000.0,US,0,US,M,0
2023,SE,FT,Data Scientist,135000.0,USD,135000.0,US,0,US,M,0
2023,MI,FT,Data Architect,167500.0,USD,167500.0,US,0,US,M,0
2023,MI,FT,Data Architect,106500.0,USD,106500.0,US,0,US,M,0
2023,SE,FT,Data Scientist,195000.0,USD,195000.0,US,0,US,M,0
2023,SE,FT,Data Scientist,160000.0,USD,160000.0,US,0,US,M,0
2023,MI,FT,Data Engineer,146000.0,USD,146000.0,US,0,US,M,0
2023,MI,FT,Data Engineer,75000.0,USD,75000.0,US,0,US,M,0
2022,EN,FT,Data Engineer,57000.0,EUR,59888.0,NL,100,NL,L,1
2023,EX,FT,Data Engineer,286000.0,USD,286000.0,US,100,US,M,0
2023,EX,FT,Data Engineer,207000.0,USD,207000.0,US,100,US,M,0
2023,SE,FT,Data Analyst,100000.0,USD,100000.0,US,100,US,M,0
2023,SE,FT,Data Analyst,80000.0,USD,80000.0,US,100,US,M,0
2023,SE,FT,Data Engineer,223250.0,USD,223250.0,US,0,US,M,0
2023,SE,FT,Data Engineer,178600.0,USD,178600.0,US,0,US,M,0
2023,EX,FT,Director of Data Science,353200.0,USD,353200.0,US,0,US,M,0
2023,EX,FT,Director of Data Science,249300.0,USD,249300.0,US,0,US,M,0
2023,MI,FT,Machine Learning Scientist,230000.0,USD,230000.0,US,0,US,M,0
2023,MI,FT,Machine Learning Scientist,220000.0,USD,220000.0,US,0,US,M,0
2023,SE,FT,Data Scientist,297300.0,USD,297300.0,US,100,US,M,0
2023,SE,FT,Data Scientist,198200.0,USD,198200.0,US,100,US,M,0
2023,MI,FT,Research Scientist,210000.0,USD,210000.0,US,100,US,M,0
2023,MI,FT,Research Scientist,151800.0,USD,151800.0,US,100,US,M,0
2023,SE,FT,Data Scientist,200000.0,USD,200000.0,US,100,US,M,0
2023,SE,FT,Data Scientist,170000.0,USD,170000.0,US,100,US,M,0
2023,SE,FT,Data Scientist,317070.0,USD,317070.0,US,0,US,M,0
2023,SE,FT,Data Scientist,170730.0,USD,170730.0,US,0,US,M,0
2023,SE,FT,Data Engineer,128000.0,USD,128000.0,US,0,US,M,0
2023,SE,FT,Data Engineer,81500.0,USD,81500.0,US,0,US,M,0
2023,EN,FT,Business Data Analyst,20000.0,EUR,21461.0,ES,0,ES,M,1
2023,SE,FT,AI Developer,108000.0,USD,108000.0,UA,0,UA,M,0
2023,SE,FT,AI Developer,60000.0,USD,60000.0,UA,0,UA,M,0
2023,MI,FT,MLOps Engineer,134000.0,USD,134000.0,US,100,US,M,0
2023,MI,FT,MLOps Engineer,124000.0,USD,124000.0,US,100,US,M,0
2023,SE,FT,Data Engineer,171250.0,USD,171250.0,US,0,US,M,0
2023,SE,FT,Data Engineer,113750.0,USD,113750.0,US,0,US,M,0
2022,SE,FT,Data Analyst,110000.0,USD,110000.0,US,0,US,M,0
2022,SE,FT,Data Analyst,99000.0,USD,99000.0,US,0,US,M,0
2022,SE,FT,Data Scientist,191475.0,USD,191475.0,US,100,US,M,0
2022,SE,FT,Data Scientist,141525.0,USD,141525.0,US,100,US,M,0
2022,SE,FT,Data Scientist,191475.0,USD,191475.0,US,100,US,M,0
2022,SE,FT,Data Scientist,141525.0,USD,141525.0,US,100,US,M,0
2022,SE,FT,Data Scientist,191475.0,USD,191475.0,US,100,US,M,0
2022,SE,FT,Data Scientist,141525.0,USD,141525.0,US,100,US,M,0
2022,SE,FT,Machine Learning Engineer,200000.0,USD,200000.0,PR,100,PR,M,0
2022,SE,FT,Machine Learning Engineer,135000.0,USD,135000.0,PR,100,PR,M,0
2022,SE,FT,Data Scientist,207000.0,USD,207000.0,US,100,US,M,0
2022,SE,FT,Data Scientist,153000.0,USD,153000.0,US,100,US,M,0
2022,SE,FT,Data Scientist,191475.0,USD,191475.0,US,100,US,M,0
2022,SE,FT,Data Scientist,141525.0,USD,141525.0,US,100,US,M,0
2022,SE,FT,Data Scientist,191475.0,USD,191475.0,US,100,US,M,0
2022,SE,FT,Data Scientist,141525.0,USD,141525.0,US,100,US,M,0
2022,SE,FT,Data Scientist,191475.0,USD,191475.0,US,100,US,M,0
2022,SE,FT,Data Scientist,141525.0,USD,141525.0,US,100,US,M,0
2022,SE,FT,Data Engineer,195700.0,USD,195700.0,US,0,US,M,0
2022,SE,FT,Data Engineer,130500.0,USD,130500.0,US,0,US,M,0
2022,SE,FT,ML Engineer,130000.0,USD,130000.0,US,100,US,M,0
2022,SE,FT,ML Engineer,84000.0,USD,84000.0,US,100,US,M,0
2022,MI,FT,Data Operations Engineer,100000.0,USD,100000.0,US,100,US,M,1
2022,MI,FT,Data Operations Engineer,60000.0,USD,60000.0,US,100,US,M,1
2022,MI,FT,Data Engineer,65000.0,GBP,80036.0,GB,100,GB,M,1
2022,MI,FT,Data Engineer,55000.0,GBP,67723.0,GB,100,GB,M,1
2022,SE,FT,Data Engineer,141300.0,USD,141300.0,US,0,US,M,0
2022,SE,FT,Data Engineer,102100.0,USD,102100.0,US,0,US,M,0
2022,SE,FT,Data Analyst,48000.0,EUR,50432.0,ES,0,ES,M,1
2022,SE,FT,Data Analyst,35000.0,EUR,36773.0,ES,0,ES,M,1
2022,MI,FT,Business Data Analyst,150000.0,USD,150000.0,US,100,US,L,0
2022,MI,FT,Data Scientist,83000.0,GBP,102200.0,GB,100,GB,M,1
2022,EN,FT,Data Scientist,1800000.0,INR,22892.0,IN,50,IN,M,1
2022,SE,FT,Data Analyst,144000.0,USD,144000.0,US,100,US,M,0
2022,SE,FT,Data Analyst,113000.0,USD,113000.0,US,100,US,M,0
2022,EN,FT,AI Scientist,30000.0,EUR,31520.0,PT,100,ES,M,1
2022,SE,FT,Data Architect,195400.0,USD,195400.0,US,100,US,L,0
2022,SE,FT,Data Architect,131300.0,USD,131300.0,US,100,US,L,0
2022,SE,FT,Machine Learning Engineer,195400.0,USD,195400.0,US,100,US,L,0
2022,SE,FT,Machine Learning Engineer,131300.0,USD,131300.0,US,100,US,L,0
2022,SE,FT,Data Architect,195400.0,USD,195400.0,US,100,US,L,0
2022,SE,FT,Data Architect,131300.0,USD,131300.0,US,100,US,L,0
2022,SE,FT,Data Architect,190000.0,USD,190000.0,US,100,US,M,0
2022,SE,FT,Data Architect,135000.0,USD,135000.0,US,100,US,M,0
2022,SE,FT,Data Engineer,135000.0,USD,135000.0,US,100,US,M,0
2022,SE,FT,Data Engineer,80000.0,USD,80000.0,US,100,US,M,0
2022,EN,FT,BI Data Analyst,633000.0,INR,8050.0,IN,100,IN,M,1
2022,SE,FT,Data Engineer,160000.0,USD,160000.0,US,100,US,M,0
2022,SE,FT,Data Engineer,85000.0,USD,85000.0,US,100,US,M,0
2022,SE,FT,Data Engineer,178800.0,USD,178800.0,US,100,US,L,0
2022,SE,FT,Data Engineer,132100.0,USD,132100.0,US,100,US,L,0
2022,MI,CT,NLP Engineer,60000.0,USD,60000.0,IN,100,US,S,1
2022,SE,FT,Machine Learning Engineer,60000.0,EUR,63040.0,FI,50,FI,S,1
2022,EN,FT,Business Data Analyst,50000.0,USD,50000.0,IN,100,AS,L,1
2022,SE,FT,Data Engineer,140000.0,USD,140000.0,US,100,US,M,0
2022,SE,FT,Data Engineer,105000.0,USD,105000.0,US,100,US,M,0
2022,MI,FT,Data Engineer,65000.0,GBP,80036.0,GB,100,GB,M,1
2022,MI,FT,Data Engineer,55000.0,GBP,67723.0,GB,100,GB,M,1
2022,SE,FT,Analytics Engineer,190000.0,USD,190000.0,US,100,US,M,0
2022,SE,FT,Analytics Engineer,140000.0,USD,140000.0,US,100,US,M,0
2022,MI,FT,Data Operations Engineer,100000.0,USD,100000.0,US,100,US,M,1
2022,MI,FT,Data Operations Engineer,60000.0,USD,60000.0,US,100,US,M,1
2022,SE,FT,Data Scientist,180000.0,USD,180000.0,US,100,US,L,0
2022,SE,FT,Data Scientist,165000.0,USD,165000.0,US,100,US,L,0
2022,SE,FT,Applied Machine Learning Scientist,108000.0,USD,108000.0,US,0,US,L,0
2021,EN,FT,Machine Learning Research Engineer,20000.0,USD,20000.0,FR,50,FR,M,1
2022,SE,FT,Data Architect,190000.0,USD,190000.0,US,100,US,M,0
2022,SE,FT,Data Architect,135000.0,USD,135000.0,US,100,US,M,0
2022,SE,FT,Data Scientist,179400.0,USD,179400.0,US,0,US,M,0
2022,SE,FT,Data Scientist,154000.0,USD,154000.0,US,0,US,M,0
2022,SE,FT,Machine Learning Scientist,193900.0,USD,193900.0,US,0,US,M,0
2022,SE,FT,Machine Learning Scientist,129300.0,USD,129300.0,US,0,US,M,0
2022,EX,FT,Data Science Manager,222640.0,USD,222640.0,US,0,US,M,0
2022,EX,FT,Data Science Manager,182160.0,USD,182160.0,US,0,US,M,0
2022,MI,FT,Data Engineer,150000.0,USD,150000.0,US,0,US,M,0
2022,MI,FT,Data Engineer,100000.0,USD,100000.0,US,0,US,M,0
2022,SE,FT,Analytics Engineer,100000.0,USD,100000.0,US,100,US,M,0
2022,EX,FT,Data Engineer,297500.0,USD,297500.0,US,100,US,M,0
2022,EX,FT,Data Engineer,260000.0,USD,260000.0,US,100,US,M,0
2021,EN,FT,Machine Learning Developer,15000.0,USD,15000.0,TH,100,TH,L,1
2022,SE,FT,Data Engineer,193000.0,USD,193000.0,ES,100,US,M,0
2022,EN,FT,Data Scientist,93000.0,USD,93000.0,US,0,US,M,0
2022,EN,FT,Data Scientist,73000.0,USD,73000.0,US,0,US,M,0
2022,MI,FT,Data Operations Engineer,100000.0,USD,100000.0,US,100,US,M,1
2022,MI,FT,Data Operations Engineer,60000.0,USD,60000.0,US,100,US,M,1
2022,EN,FT,Data Analyst,40300.0,BRL,7799.0,BR,100,BR,L,1
2022,SE,FT,Data Scientist,136994.0,USD,136994.0,US,100,US,M,0
2022,SE,FT,Data Scientist,101570.0,USD,101570.0,US,100,US,M,0
2022,SE,FT,ETL Developer,250000.0,USD,250000.0,US,100,US,M,0
2022,SE,FT,ETL Developer,63000.0,USD,63000.0,US,100,US,M,0
2022,MI,FT,Data Manager,134000.0,USD,134000.0,US,0,US,M,0
2022,MI,FT,Data Manager,98000.0,USD,98000.0,US,0,US,M,0
2022,SE,FT,Data Scientist,191475.0,USD,191475.0,US,100,US,M,0
2022,SE,FT,Data Scientist,141525.0,USD,141525.0,US,100,US,M,0
2022,SE,FT,Director of Data Science,55000.0,EUR,57786.0,FR,50,FR,L,1
2022,MI,FT,Data Analyst,136000.0,USD,136000.0,US,100,US,M,0
2022,MI,FT,Data Analyst,112000.0,USD,112000.0,US,100,US,M,0
2022,SE,FT,Data Scientist,172000.0,USD,172000.0,US,100,US,M,0
2022,SE,FT,Data Scientist,140000.0,USD,140000.0,US,100,US,M,0
2022,SE,FT,Data Engineer,215000.0,USD,215000.0,US,0,US,M,0
2022,SE,FT,Data Engineer,164000.0,USD,164000.0,US,0,US,M,0
2022,SE,FT,Data Engineer,300000.0,USD,300000.0,US,0,US,M,0
2022,SE,FT,Data Engineer,130000.0,USD,130000.0,US,0,US,M,0
2022,SE,FT,Data Engineer,250000.0,USD,250000.0,US,100,US,M,0
2022,SE,FT,Data Engineer,63000.0,USD,63000.0,US,100,US,M,0
2022,SE,FT,Data Engineer,180000.0,USD,180000.0,US,100,US,M,0
2022,SE,FT,Data Engineer,150000.0,USD,150000.0,US,100,US,M,0
2021,EN,FT,Data Engineer,33000.0,GBP,45390.0,GB,50,GB,L,1
2022,SE,FT,Data Engineer,250000.0,USD,250000.0,US,100,US,M,0
2022,SE,FT,Data Engineer,63000.0,USD,63000.0,US,100,US,M,0
2022,SE,FT,Data Scientist,191475.0,USD,191475.0,US,100,US,M,0
2022,SE,FT,Data Scientist,141525.0,USD,141525.0,US,100,US,M,0
2022,MI,FT,Data Analyst,97500.0,USD,97500.0,US,100,US,L,1
2022,SE,FT,Applied Scientist,212800.0,USD,212800.0,US,100,US,M,0
2022,SE,FT,Applied Scientist,142800.0,USD,142800.0,US,100,US,M,0
2022,MI,FT,Data Scientist,70000.0,EUR,73546.0,NL,50,NL,L,1
2022,EN,FT,Data Scientist,50000.0,USD,50000.0,US,50,DE,M,1
2022,EN,FT,Data Analyst,500000.0,INR,6359.0,FR,100,IN,L,1
2022,SE,FT,Data Scientist,151800.0,USD,151800.0,US,0,US,M,0
2022,SE,FT,Data Scientist,130240.0,USD,130240.0,US,0,US,M,0
2022,SE,FT,Analytics Engineer,165000.0,USD,165000.0,US,100,US,M,0
2022,SE,FT,Analytics Engineer,140250.0,USD,140250.0,US,100,US,M,0
2022,SE,FT,Data Engineer,135000.0,USD,135000.0,US,0,US,M,0
2022,SE,FT,Data Engineer,115000.0,USD,115000.0,US,0,US,M,0
2022,SE,FT,Data Scientist,179400.0,USD,179400.0,US,100,US,M,0
2022,SE,FT,Data Scientist,154000.0,USD,154000.0,US,100,US,M,0
2022,SE,FT,Data Scientist,191475.0,USD,191475.0,US,100,US,M,0
2022,SE,FT,Data Scientist,141525.0,USD,141525.0,US,100,US,M,0
2022,SE,FT,Data Scientist,191475.0,USD,191475.0,US,100,US,M,0
2022,SE,FT,Data Scientist,141525.0,USD,141525.0,US,100,US,M,0
2022,SE,FT,Data Scientist,191475.0,USD,191475.0,US,100,US,M,0
2022,SE,FT,Data Scientist,141525.0,USD,141525.0,US,100,US,M,0
2022,MI,FT,Financial Data Analyst,75000.0,USD,75000.0,US,0,US,M,0
2022,MI,FT,Data Engineer,80000.0,EUR,84053.0,GR,100,GR,M,1
2022,MI,FT,Data Engineer,70000.0,EUR,73546.0,GR,100,GR,M,1
2022,MI,FT,Data Engineer,80000.0,GBP,98506.0,GB,100,GB,M,1
2022,MI,FT,Data Engineer,70000.0,GBP,86193.0,GB,100,GB,M,1
2022,MI,FT,Data Engineer,80000.0,EUR,84053.0,ES,100,ES,M,1
2022,MI,FT,Data Engineer,70000.0,EUR,73546.0,ES,100,ES,M,1
2022,SE,FT,Data Scientist,191475.0,USD,191475.0,US,100,US,M,0
2022,SE,FT,Data Scientist,141525.0,USD,141525.0,US,100,US,M,0
2022,SE,FT,Data Scientist,191475.0,USD,191475.0,US,100,US,M,0
2022,SE,FT,Data Scientist,141525.0,USD,141525.0,US,100,US,M,0
2022,SE,FT,Analytics Engineer,83376.0,GBP,102663.0,GB,100,GB,M,1
2022,SE,FT,Analytics Engineer,65004.0,GBP,80041.0,GB,100,GB,M,1
2022,SE,FT,Data Scientist,191475.0,USD,191475.0,US,100,US,M,0
2022,SE,FT,Data Scientist,141525.0,USD,141525.0,US,100,US,M,0
2022,SE,FT,Data Engineer,84958.0,GBP,104611.0,GB,100,GB,M,1
2022,SE,FT,Data Engineer,66822.0,GBP,82280.0,GB,100,GB,M,1
2022,SE,FT,Data Scientist,191475.0,USD,191475.0,US,100,US,M,0
2022,SE,FT,Data Scientist,141525.0,USD,141525.0,US,100,US,M,0
2022,SE,FT,Data Scientist,191475.0,USD,191475.0,US,0,US,M,0
2022,SE,FT,Data Scientist,141525.0,USD,141525.0,US,0,US,M,0
2022,SE,FT,Data Analyst,115000.0,USD,115000.0,US,0,US,L,0
2022,EN,FT,Data Scientist,30000.0,EUR,31520.0,ES,50,ES,M,1
2022,SE,FT,Data Operations Analyst,81000.0,USD,81000.0,US,100,US,M,0
2022,SE,FT,Data Operations Analyst,66000.0,USD,66000.0,US,100,US,M,0
2022,EN,FT,Data Analyst,46000.0,USD,46000.0,US,100,US,L,1
2022,EN,FT,Data Engineer,80000.0,USD,80000.0,US,100,US,L,1
2022,EX,FT,Machine Learning Scientist,200000.0,USD,200000.0,US,100,US,S,0
2022,EX,FT,Machine Learning Scientist,180000.0,USD,180000.0,US,100,US,S,0
2022,EX,FT,AI Scientist,200000.0,USD,200000.0,US,100,US,S,0
2022,SE,FT,Data Scientist,204100.0,USD,204100.0,US,0,US,M,0
2022,SE,FT,Data Scientist,136100.0,USD,136100.0,US,0,US,M,0
2022,SE,FT,Analytics Engineer,250000.0,USD,250000.0,US,0,US,M,0
2022,SE,FT,Analytics Engineer,63000.0,USD,63000.0,US,0,US,M,0
2022,MI,FT,Data Scientist,96000.0,GBP,118208.0,GB,0,GB,M,1
2022,MI,FT,Data Scientist,90000.0,GBP,110820.0,GB,0,GB,M,1
2021,EN,PT,Computer Vision Software Engineer,120000.0,DKK,19073.0,DK,50,DK,L,1
2022,SE,FT,Data Scientist,191475.0,USD,191475.0,US,100,US,M,0
2022,SE,FT,Data Scientist,141525.0,USD,141525.0,US,100,US,M,0
2022,SE,FT,Data Scientist,191475.0,USD,191475.0,US,100,US,M,0
2022,SE,FT,Data Scientist,141525.0,USD,141525.0,US,100,US,M,0
2022,SE,FT,Data Scientist,191475.0,USD,191475.0,US,100,US,M,0
2022,SE,FT,Data Scientist,141525.0,USD,141525.0,US,100,US,M,0
2022,SE,FT,Data Specialist,95000.0,USD,95000.0,US,100,US,M,0
2022,SE,FT,Data Specialist,70000.0,USD,70000.0,US,100,US,M,0
2022,MI,FT,Applied Machine Learning Scientist,75000.0,USD,75000.0,BO,100,US,M,1
2022,MI,CT,Analytics Engineer,7500.0,USD,7500.0,BO,50,BO,M,1
2022,MI,FT,Data Analyst,113000.0,USD,113000.0,US,0,US,L,0
2022,SE,FT,Data Scientist,170000.0,USD,170000.0,US,100,US,M,0
2022,SE,FT,Data Scientist,130000.0,USD,130000.0,US,100,US,M,0
2022,MI,FT,Data Analytics Consultant,113000.0,USD,113000.0,US,100,US,L,1
2022,MI,FT,Product Data Analyst,140000.0,USD,140000.0,US,100,US,M,0
2021,SE,FT,Data Analyst,50000.0,USD,50000.0,PH,100,PH,S,1
2022,MI,FT,BI Data Analyst,77000.0,AUD,53368.0,AU,100,AU,M,1
2022,SE,FT,Data Scientist,175000.0,USD,175000.0,US,0,US,M,0
2022,SE,FT,Data Scientist,140000.0,USD,140000.0,US,0,US,M,0
2022,SE,FT,Lead Data Scientist,28500.0,EUR,29944.0,PT,50,PT,S,1
2022,SE,FT,Analytics Engineer,250000.0,USD,250000.0,US,0,US,M,0
2022,SE,FT,Analytics Engineer,63000.0,USD,63000.0,US,0,US,M,0
2022,SE,FT,Data Scientist,160000.0,USD,160000.0,US,0,US,L,0
2022,SE,FT,Data Scientist,119300.0,USD,119300.0,US,0,US,L,0
2022,MI,FT,Research Scientist,145000.0,USD,145000.0,US,50,US,L,0
2022,SE,FT,Data Engineer,105000.0,USD,105000.0,US,0,US,M,0
2022,SE,FT,Data Engineer,90000.0,USD,90000.0,US,0,US,M,0
2022,SE,FT,ETL Developer,146200.0,USD,146200.0,US,100,US,M,0
2022,SE,FT,ETL Developer,124270.0,USD,124270.0,US,100,US,M,0
2022,MI,FT,Data Scientist,225000.0,USD,225000.0,US,0,US,M,0
2022,MI,FT,Data Scientist,160000.0,USD,160000.0,US,0,US,M,0
2022,MI,FT,Data Scientist,52000.0,EUR,54634.0,NL,100,NL,S,1
2022,SE,FT,Data Engineer,185800.0,USD,185800.0,CA,100,CA,M,0
2022,SE,FT,Data Engineer,137400.0,USD,137400.0,CA,100,CA,M,0
2022,SE,FT,Analytics Engineer,245000.0,USD,245000.0,US,0,US,M,0
2022,SE,FT,Analytics Engineer,180000.0,USD,180000.0,US,0,US,M,0
2022,SE,FT,Analytics Engineer,203500.0,USD,203500.0,US,0,US,M,0
2022,SE,FT,Analytics Engineer,152000.0,USD,152000.0,US,0,US,M,0
2022,SE,FT,Data Engineer,250000.0,USD,250000.0,US,0,US,M,0
2022,SE,FT,Data Engineer,63000.0,USD,63000.0,US,0,US,M,0
2022,SE,FT,Machine Learning Infrastructure Engineer,186000.0,USD,186000.0,US,100,US,M,0
2022,SE,FT,Machine Learning Infrastructure Engineer,148800.0,USD,148800.0,US,100,US,M,0
2022,SE,FT,Lead Machine Learning Engineer,7500000.0,INR,95386.0,IN,50,IN,L,1
2022,MI,FT,Machine Learning Engineer,104000.0,GBP,128058.0,GB,50,GB,L,1
2022,EN,FT,Data Scientist,82000.0,USD,82000.0,US,0,US,L,1
2022,EN,PT,Data Scientist,110000.0,USD,110000.0,DO,100,FR,M,1
2022,MI,FT,Applied Machine Learning Scientist,173000.0,USD,173000.0,US,50,US,M,0
2022,SE,FT,Data Scientist,203500.0,USD,203500.0,US,0,US,M,0
2022,SE,FT,Data Scientist,152000.0,USD,152000.0,US,0,US,M,0
2022,SE,FT,Machine Learning Engineer,186000.0,USD,186000.0,US,100,US,M,0
2022,SE,FT,Machine Learning Engineer,148800.0,USD,148800.0,US,100,US,M,0
2022,EN,FT,BI Data Analyst,32400.0,BRL,6270.0,BR,100,BR,L,1
2022,MI,FT,Data Science Manager,158000.0,USD,158000.0,US,100,US,M,0
2022,MI,FT,Data Science Manager,134000.0,USD,134000.0,US,100,US,M,0
2022,SE,FT,Data Scientist,170000.0,USD,170000.0,US,100,US,M,0
2022,SE,FT,Data Scientist,120000.0,USD,120000.0,US,100,US,M,0
2022,EX,FT,Analytics Engineer,200000.0,USD,200000.0,US,100,US,M,0
2022,EX,FT,Analytics Engineer,150000.0,USD,150000.0,US,100,US,M,0
2022,SE,FT,Data Analyst,216200.0,USD,216200.0,US,0,US,M,0
2022,SE,FT,Data Analyst,144100.0,USD,144100.0,US,0,US,M,0
2022,MI,FT,Data Scientist,110000.0,EUR,115573.0,NL,0,NL,M,1
2022,MI,FT,Data Scientist,85000.0,EUR,89306.0,NL,0,NL,M,1
2022,SE,FT,ETL Developer,250000.0,USD,250000.0,US,0,US,M,0
2022,SE,FT,ETL Developer,63000.0,USD,63000.0,US,0,US,M,0
2022,SE,FT,Data Engineer,135000.0,USD,135000.0,US,100,US,M,0
2022,SE,FT,Data Engineer,85000.0,USD,85000.0,US,100,US,M,0
2022,SE,FT,Machine Learning Engineer,135000.0,USD,135000.0,US,100,US,M,0
2022,SE,FT,Machine Learning Engineer,85000.0,USD,85000.0,US,100,US,M,0
2022,SE,FT,Data Science Manager,206000.0,USD,206000.0,US,100,US,M,0
2022,SE,FT,Data Science Manager,175100.0,USD,175100.0,US,100,US,M,0
2022,SE,FT,Machine Learning Engineer,189650.0,USD,189650.0,US,0,US,M,0
2022,SE,FT,Machine Learning Engineer,164996.0,USD,164996.0,US,0,US,M,0
2022,SE,FT,Data Architect,149040.0,USD,149040.0,US,100,US,M,0
2022,SE,FT,Data Architect,113900.0,USD,113900.0,US,100,US,M,0
2022,SE,FT,Data Engineer,154000.0,USD,154000.0,US,100,US,M,0
2022,SE,FT,Data Engineer,126000.0,USD,126000.0,US,100,US,M,0
2022,SE,FT,Machine Learning Engineer,200000.0,USD,200000.0,US,100,US,L,0
2022,SE,FT,Machine Learning Engineer,150000.0,USD,150000.0,US,100,US,L,0
2022,SE,FT,Data Engineer,195700.0,USD,195700.0,US,0,US,M,0
2022,SE,FT,Data Engineer,130500.0,USD,130500.0,US,0,US,M,0
2022,SE,FT,Analytics Engineer,170000.0,USD,170000.0,US,100,US,M,0
2022,SE,FT,Analytics Engineer,135000.0,USD,135000.0,US,100,US,M,0
2022,MI,FT,Data Engineer,80000.0,GBP,98506.0,GB,0,GB,M,1
2022,MI,FT,Data Engineer,60000.0,GBP,73880.0,GB,0,GB,M,1
2022,SE,FT,Data Analyst,117000.0,USD,117000.0,US,100,US,M,0
2022,SE,FT,Data Analyst,99450.0,USD,99450.0,US,100,US,M,0
2022,SE,FT,Data Engineer,200000.0,USD,200000.0,PR,100,PR,M,0
2022,SE,FT,Data Engineer,135000.0,USD,135000.0,PR,100,PR,M,0
2022,SE,FT,Machine Learning Engineer,193900.0,USD,193900.0,US,0,US,M,0
2022,SE,FT,Machine Learning Engineer,129300.0,USD,129300.0,US,0,US,M,0
2022,EN,FT,Machine Learning Engineer,45000.0,GBP,55410.0,GB,100,GB,S,1
2022,SE,FT,Data Analyst,70000.0,GBP,86193.0,GB,0,GB,M,1
2022,SE,FT,Data Analyst,50000.0,GBP,61566.0,GB,0,GB,M,1
2022,SE,FT,Data Analyst,175000.0,USD,175000.0,US,100,US,M,0
2022,SE,FT,Data Analyst,130000.0,USD,130000.0,US,100,US,M,0
2022,SE,FT,Data Engineer,188100.0,USD,188100.0,US,0,US,M,0
2022,SE,FT,Data Engineer,139860.0,USD,139860.0,US,0,US,M,0
2022,SE,FT,Machine Learning Engineer,248700.0,USD,248700.0,US,0,US,M,0
2022,SE,FT,Machine Learning Engineer,167100.0,USD,167100.0,US,0,US,M,0
2022,MI,FT,Data Analyst,450000.0,INR,5723.0,IN,100,IN,S,1
2022,SE,FT,Data Scientist,123400.0,USD,123400.0,US,0,US,M,0
2022,SE,FT,Data Scientist,88100.0,USD,88100.0,US,0,US,M,0
2022,MI,FT,BI Data Analyst,48000.0,EUR,50432.0,DE,100,DE,S,1
2022,SE,FT,Data Scientist,245000.0,USD,245000.0,US,0,US,M,0
2022,SE,FT,Data Scientist,205000.0,USD,205000.0,US,0,US,M,0
2022,SE,FT,Data Engineer,141300.0,USD,141300.0,US,0,US,M,0
2022,SE,FT,Data Engineer,102100.0,USD,102100.0,US,0,US,M,0
2022,SE,FT,Data Architect,141300.0,USD,141300.0,US,0,US,M,0
2022,SE,FT,Data Architect,102100.0,USD,102100.0,US,0,US,M,0
2022,EN,FT,Data Analyst,50000.0,USD,50000.0,AR,100,AR,L,1
2022,EN,FT,Data Scientist,80000.0,EUR,84053.0,BE,100,BE,L,1
2022,MI,FT,Lead Data Scientist,50000.0,GBP,61566.0,GB,50,GB,S,1
2022,SE,FT,Data Architect,250000.0,USD,250000.0,US,0,US,M,0
2022,SE,FT,Data Architect,63000.0,USD,63000.0,US,0,US,M,0
2022,SE,FT,Data Science Manager,189500.0,USD,189500.0,US,100,US,L,0
2022,SE,FT,Data Science Manager,140100.0,USD,140100.0,US,100,US,L,0
2022,SE,FT,Data Engineer,177600.0,USD,177600.0,US,100,US,L,0
2022,SE,FT,Data Engineer,131300.0,USD,131300.0,US,100,US,L,0
2022,MI,FT,Data Engineer,24000.0,USD,24000.0,US,0,US,M,1
2022,MI,FT,Data Engineer,24000.0,USD,24000.0,US,0,US,M,1
2022,SE,FT,Data Engineer,250000.0,USD,250000.0,US,0,US,M,0
2022,SE,FT,Data Engineer,63000.0,USD,63000.0,US,0,US,M,0
2022,SE,FT,Machine Learning Engineer,202900.0,USD,202900.0,US,100,US,L,0
2022,SE,FT,Machine Learning Engineer,131300.0,USD,131300.0,US,100,US,L,0
2022,SE,FT,Data Engineer,145000.0,USD,145000.0,US,100,US,M,0
2022,SE,FT,Data Engineer,115000.0,USD,115000.0,US,100,US,M,0
2022,EN,FT,Machine Learning Engineer,115000.0,USD,115000.0,US,50,US,L,1
2022,MI,FT,Machine Learning Engineer,193900.0,USD,193900.0,US,0,US,M,0
2022,MI,FT,Machine Learning Engineer,129300.0,USD,129300.0,US,0,US,M,0
2022,SE,FT,Data Scientist,180000.0,USD,180000.0,US,100,US,L,0
2022,SE,FT,Data Scientist,140000.0,USD,140000.0,US,100,US,L,0
2022,MI,FT,Data Analyst,216200.0,USD,216200.0,US,0,US,M,0
2022,MI,FT,Data Analyst,144100.0,USD,144100.0,US,0,US,M,0
2022,SE,FT,Machine Learning Scientist,216000.0,USD,216000.0,US,0,US,M,0
2022,SE,FT,Machine Learning Scientist,144000.0,USD,144000.0,US,0,US,M,0
2022,EN,FT,Data Analyst,150000.0,USD,150000.0,US,100,US,L,0
2021,EN,FT,Machine Learning Research Engineer,900000.0,INR,12171.0,IN,100,IN,M,1
2022,MI,FT,Data Scientist,4200000.0,INR,53416.0,IN,100,ID,L,1
2022,EN,FT,Applied Data Scientist,50000.0,USD,50000.0,AT,50,AT,M,1
2021,SE,FT,Cloud Data Architect,250000.0,USD,250000.0,US,50,US,L,0
2022,EX,FT,Research Scientist,80000.0,EUR,84053.0,NL,0,NL,L,1
2022,MI,FT,Data Scientist,107000.0,GBP,131752.0,GB,100,GB,M,1
2022,SE,FT,Analytics Engineer,48000.0,USD,48000.0,AR,100,US,S,1
2022,EX,FT,Data Science Manager,260500.0,USD,260500.0,US,0,US,M,0
2022,EX,FT,Data Science Manager,175100.0,USD,175100.0,US,0,US,M,0
2022,SE,FT,Data Engineer,210000.0,USD,210000.0,US,100,US,M,0
2022,SE,FT,Data Engineer,100000.0,USD,100000.0,US,100,US,M,0
2022,EN,FT,Data Analyst,55000.0,USD,55000.0,US,100,US,S,1
2022,MI,FT,Data Analyst,130000.0,USD,130000.0,US,100,US,M,0
2022,SE,FT,Applied Machine Learning Scientist,73400.0,EUR,77119.0,FR,100,GB,L,1
2022,EN,FT,Data Scientist,49500.0,EUR,52008.0,BE,50,BE,S,1
2022,MI,FL,Applied Machine Learning Scientist,2400000.0,INR,30523.0,IN,100,IN,S,1
2022,SE,FT,Data Engineer,206699.0,USD,206699.0,US,0,US,M,0
2022,SE,FT,Data Engineer,99100.0,USD,99100.0,US,0,US,M,0
2022,MI,FT,Analytics Engineer,200000.0,USD,200000.0,US,0,US,M,0
2022,MI,FT,Analytics Engineer,54000.0,USD,54000.0,US,0,US,M,1
2022,SE,FT,Data Engineer,250000.0,USD,250000.0,US,0,US,M,0
2022,SE,FT,Data Engineer,63000.0,USD,63000.0,US,0,US,M,0
2022,SE,FT,Data Architect,250000.0,USD,250000.0,US,0,US,M,0
2022,SE,FT,Data Architect,63000.0,USD,63000.0,US,0,US,M,0
2022,SE,FT,Data Engineer,250000.0,USD,250000.0,US,0,US,M,0
2022,SE,FT,Data Engineer,63000.0,USD,63000.0,US,0,US,M,0
2022,EN,FT,Analytics Engineer,130000.0,USD,130000.0,US,50,US,L,0
2022,SE,FT,Data Engineer,100000.0,USD,100000.0,US,0,US,L,0
2022,SE,FT,Data Engineer,80000.0,USD,80000.0,US,0,US,L,0
2022,SE,FT,Data Scientist,160000.0,USD,160000.0,US,0,US,L,0
2022,SE,FT,Data Scientist,100000.0,USD,100000.0,US,0,US,L,0
2022,SE,FT,Data Specialist,221300.0,USD,221300.0,US,100,US,L,0
2022,SE,FT,Data Specialist,148700.0,USD,148700.0,US,100,US,L,0
2022,EN,FT,Machine Learning Engineer,30000.0,USD,30000.0,GB,100,GB,L,1
2022,EN,FT,Data Analyst,27000.0,EUR,28368.0,FR,50,FR,M,1
2022,MI,FT,Data Engineer,74000.0,GBP,91118.0,GB,0,GB,M,1
2022,MI,FT,Data Engineer,50000.0,GBP,61566.0,GB,0,GB,M,1
2022,MI,FT,Data Scientist,58000.0,EUR,60938.0,DE,100,DE,S,1
2022,SE,FT,Data Science Manager,249260.0,USD,249260.0,US,0,US,M,0
2022,SE,FT,Data Science Manager,185400.0,USD,185400.0,US,0,US,M,0
2022,SE,FT,Data Engineer,170000.0,USD,170000.0,US,100,US,M,0
2022,SE,FT,Data Engineer,130000.0,USD,130000.0,US,100,US,M,0
2022,MI,FT,Data Scientist,65000.0,GBP,80036.0,GB,50,GB,M,1
2022,SE,FT,Data Analyst,128875.0,USD,128875.0,US,100,US,M,0
2022,SE,FT,Data Analyst,93700.0,USD,93700.0,US,100,US,M,0
2022,SE,FT,Machine Learning Engineer,180000.0,USD,180000.0,US,100,US,M,0
2022,SE,FT,Machine Learning Engineer,100000.0,USD,100000.0,US,100,US,M,0
2022,SE,FT,Data Analyst,136260.0,USD,136260.0,US,100,US,M,0
2022,SE,FT,Data Analyst,109280.0,USD,109280.0,US,100,US,M,0
2022,SE,FT,Data Scientist,160000.0,USD,160000.0,US,100,US,L,0
2022,SE,FT,Data Scientist,92000.0,USD,92000.0,US,100,US,L,1
2022,SE,FT,Data Engineer,200000.0,USD,200000.0,US,100,US,M,0
2022,SE,FT,Data Engineer,160000.0,USD,160000.0,US,100,US,M,0
2022,MI,FT,Data Engineer,110000.0,GBP,135446.0,GB,0,GB,M,1
2022,MI,FT,Data Engineer,85000.0,GBP,104663.0,GB,0,GB,M,1
2022,SE,FT,Data Analyst,117000.0,USD,117000.0,US,100,US,M,0
2022,SE,FT,Data Analyst,99450.0,USD,99450.0,US,100,US,M,0
2022,EN,FT,Data Engineer,129000.0,USD,129000.0,US,100,US,L,1
2022,EN,FT,Data Engineer,86000.0,USD,86000.0,US,100,US,L,1
2020,EN,FT,Data Engineer,1000000.0,INR,13493.0,IN,100,IN,L,1
2020,EN,FT,Data Engineer,1000000.0,INR,13493.0,IN,100,IN,L,1
2022,SE,FT,Data Scientist,160000.0,USD,160000.0,US,0,US,L,0
2022,SE,FT,Data Scientist,119300.0,USD,119300.0,US,0,US,L,0
2022,SE,FT,Business Data Analyst,100000.0,USD,100000.0,US,100,US,L,0
2022,MI,FT,Data Scientist,25000.0,USD,25000.0,TR,50,TR,M,1
2022,MI,FT,Data Analyst,90000.0,SGD,65257.0,SG,50,SG,M,1
2022,MI,FT,AI Scientist,200000.0,USD,200000.0,US,100,US,M,0
2022,EN,FT,Machine Learning Developer,180000.0,USD,180000.0,US,100,US,L,0
2022,MI,FT,Data Scientist,153000.0,USD,153000.0,US,100,US,L,0
2022,SE,FT,Data Engineer,210000.0,USD,210000.0,US,100,US,M,0
2022,SE,FT,Data Engineer,100000.0,USD,100000.0,US,100,US,M,0
2022,SE,FT,Data Analyst,150075.0,USD,150075.0,US,100,US,M,0
2022,SE,FT,Data Analyst,110925.0,USD,110925.0,US,100,US,M,0
2022,MI,FT,Machine Learning Scientist,22800.0,USD,22800.0,EG,100,EG,M,1
2022,SE,FT,Data Scientist,160000.0,USD,160000.0,US,100,US,L,0
2022,SE,FT,Data Scientist,92000.0,USD,92000.0,US,100,US,L,1
2022,SE,FT,Machine Learning Engineer,202900.0,USD,202900.0,US,100,US,L,0
2022,SE,FT,Machine Learning Engineer,131300.0,USD,131300.0,US,100,US,L,0
2020,EN,FT,Data Analyst,20000.0,EUR,22809.0,PT,100,PT,M,1
2022,EN,FT,Data Analyst,15000.0,USD,15000.0,ID,0,ID,L,1
2022,SE,FT,Data Engineer,175000.0,USD,175000.0,US,100,US,M,0
2022,SE,FT,Data Engineer,135000.0,USD,135000.0,US,100,US,M,0
2022,SE,FT,Data Science Manager,193000.0,AUD,133766.0,AU,100,AU,L,1
2022,EN,FT,Machine Learning Engineer,83000.0,USD,83000.0,US,0,US,L,1
2022,MI,FT,Data Engineer,75000.0,GBP,92350.0,GB,100,GB,M,1
2022,MI,FT,Data Engineer,55000.0,GBP,67723.0,GB,100,GB,M,1
2022,SE,FT,Data Scientist,186000.0,USD,186000.0,US,0,US,M,0
2022,SE,FT,Data Scientist,148800.0,USD,148800.0,US,0,US,M,0
2022,SE,FT,Data Analyst,112900.0,USD,112900.0,US,0,US,M,0
2022,SE,FT,Data Analyst,90320.0,USD,90320.0,US,0,US,M,0
2022,SE,FT,ML Engineer,240000.0,USD,240000.0,US,0,US,M,0
2022,SE,FT,ML Engineer,160000.0,USD,160000.0,US,0,US,M,0
2022,SE,FT,Data Science Manager,300000.0,USD,300000.0,US,100,US,M,0
2022,SE,FT,Data Science Manager,200000.0,USD,200000.0,US,100,US,M,0
2022,MI,FT,Data Engineer,62500.0,EUR,65666.0,DE,50,DE,S,1
2022,MI,FT,AI Scientist,200000.0,USD,200000.0,IN,100,US,L,0
2022,MI,FT,Machine Learning Engineer,95000.0,GBP,116976.0,GB,0,GB,M,1
2022,MI,FT,Machine Learning Engineer,75000.0,GBP,92350.0,GB,0,GB,M,1
2022,MI,FT,AI Scientist,120000.0,USD,120000.0,US,0,US,M,0
2022,SE,FT,Data Analyst,112900.0,USD,112900.0,US,100,US,M,0
2022,SE,FT,Data Analyst,90320.0,USD,90320.0,US,100,US,M,0
2022,SE,FT,Data Analytics Manager,145000.0,USD,145000.0,US,100,US,M,0
2022,SE,FT,Data Analytics Manager,105400.0,USD,105400.0,US,100,US,M,0
2020,EN,FT,Data Scientist,43200.0,EUR,49268.0,DE,0,DE,S,1
2022,MI,FT,Data Engineer,90000.0,GBP,110820.0,GB,0,GB,M,1
2022,MI,FT,Data Engineer,75000.0,GBP,92350.0,GB,0,GB,M,1
2022,SE,FT,Data Scientist,215300.0,USD,215300.0,US,100,US,L,0
2022,SE,FT,Data Scientist,158200.0,USD,158200.0,US,100,US,L,0
2022,SE,FT,Data Engineer,209100.0,USD,209100.0,US,100,US,L,0
2022,SE,FT,Data Engineer,154600.0,USD,154600.0,US,100,US,L,0
2022,SE,FT,Data Analyst,115934.0,USD,115934.0,US,0,US,M,0
2022,SE,FT,Data Analyst,81666.0,USD,81666.0,US,0,US,M,0
2022,SE,FT,Data Engineer,175000.0,USD,175000.0,US,100,US,M,0
2022,SE,FT,Data Engineer,155000.0,USD,155000.0,US,100,US,M,0
2022,MI,FT,Machine Learning Engineer,80000.0,EUR,84053.0,FR,100,DE,M,1
2022,SE,FT,Data Analyst,164000.0,USD,164000.0,US,0,US,M,0
2022,SE,FT,Data Analyst,132000.0,USD,132000.0,US,0,US,M,0
2022,SE,FT,Data Scientist,170000.0,USD,170000.0,US,100,US,M,0
2022,SE,FT,Data Scientist,123000.0,USD,123000.0,US,100,US,M,0
2022,SE,FT,Machine Learning Engineer,189650.0,USD,189650.0,US,0,US,M,0
2022,SE,FT,Machine Learning Engineer,164996.0,USD,164996.0,US,0,US,M,0
2022,MI,FT,ETL Developer,50000.0,EUR,52533.0,GR,0,GR,M,1
2022,MI,FT,ETL Developer,50000.0,EUR,52533.0,GR,0,GR,M,1
2022,EX,FT,Lead Data Engineer,150000.0,CAD,115222.0,CA,100,CA,S,1
2022,SE,FT,Data Engineer,165400.0,USD,165400.0,US,100,US,M,0
2022,SE,FT,Data Engineer,132320.0,USD,132320.0,US,100,US,M,0
2022,SE,FT,Data Architect,208775.0,USD,208775.0,US,100,US,M,0
2022,SE,FT,Data Architect,147800.0,USD,147800.0,US,100,US,M,0
2022,SE,FT,Data Engineer,136994.0,USD,136994.0,US,100,US,M,0
2022,SE,FT,Data Engineer,101570.0,USD,101570.0,US,100,US,M,0
2022,SE,FT,Data Analyst,128875.0,USD,128875.0,US,100,US,M,0
2022,SE,FT,Data Analyst,93700.0,USD,93700.0,US,100,US,M,0
2022,EX,FT,Head of Machine Learning,6000000.0,INR,76309.0,IN,50,IN,L,1
2022,EN,FT,Machine Learning Engineer,28500.0,GBP,35093.0,GB,100,GB,L,1
2022,SE,FT,Data Engineer,183600.0,USD,183600.0,US,100,US,L,0
2022,SE,FT,Data Engineer,100800.0,USD,100800.0,US,100,US,L,0
2022,MI,FT,Data Analyst,40000.0,GBP,49253.0,GB,100,GB,M,1
2022,MI,FT,Data Analyst,30000.0,GBP,36940.0,GB,100,GB,M,1
2022,MI,FT,Data Analyst,40000.0,EUR,42026.0,ES,100,ES,M,1
2022,MI,FT,Data Analyst,30000.0,EUR,31520.0,ES,100,ES,M,1
2022,MI,FT,Data Engineer,80000.0,EUR,84053.0,ES,100,ES,M,1
2022,MI,FT,Data Engineer,70000.0,EUR,73546.0,ES,100,ES,M,1
2022,MI,FT,Data Engineer,80000.0,GBP,98506.0,GB,100,GB,M,1
2022,MI,FT,Data Engineer,70000.0,GBP,86193.0,GB,100,GB,M,1
2022,MI,FT,Data Engineer,80000.0,EUR,84053.0,GR,100,GR,M,1
2022,MI,FT,Data Engineer,70000.0,EUR,73546.0,GR,100,GR,M,1
2022,SE,FT,Machine Learning Engineer,189650.0,USD,189650.0,US,0,US,M,0
2022,SE,FT,Machine Learning Engineer,164996.0,USD,164996.0,US,0,US,M,0
2022,MI,FT,Data Analyst,40000.0,EUR,42026.0,GR,100,GR,M,1
2022,MI,FT,Data Analyst,30000.0,EUR,31520.0,GR,100,GR,M,1
2022,MI,FT,Data Engineer,75000.0,GBP,92350.0,GB,100,GB,M,1
2022,MI,FT,Data Engineer,60000.0,GBP,73880.0,GB,100,GB,M,1
2022,SE,FT,Data Scientist,215300.0,USD,215300.0,US,0,US,L,0
2022,SE,FT,Data Scientist,140400.0,USD,140400.0,US,0,US,L,0
2022,MI,FT,Data Engineer,60000.0,EUR,63040.0,ES,100,ES,M,1
2022,MI,FT,Data Engineer,45000.0,EUR,47280.0,ES,100,ES,M,1
2022,SE,FT,Data Scientist,260000.0,USD,260000.0,US,100,US,M,0
2022,SE,FT,Data Scientist,180000.0,USD,180000.0,US,100,US,M,0
2022,MI,FT,Data Scientist,55000.0,GBP,67723.0,GB,0,GB,M,1
2022,MI,FT,Data Scientist,35000.0,GBP,43096.0,GB,0,GB,M,1
2022,MI,FT,Data Engineer,60000.0,EUR,63040.0,GR,100,GR,M,1
2022,MI,FT,Data Engineer,45000.0,EUR,47280.0,GR,100,GR,M,1
2022,MI,FT,Data Engineer,60000.0,GBP,73880.0,GB,100,GB,M,1
2022,MI,FT,Data Engineer,45000.0,GBP,55410.0,GB,100,GB,M,1
2021,MI,FT,Machine Learning Engineer,43200.0,EUR,51064.0,IT,50,IT,L,1
2022,SE,FT,Data Science Engineer,60000.0,USD,60000.0,AR,100,MX,L,1
2022,MI,FT,Data Engineer,82900.0,USD,82900.0,US,0,US,M,0
2022,MI,FT,Data Engineer,63900.0,USD,63900.0,US,0,US,M,1
2022,MI,FT,Machine Learning Scientist,160000.0,USD,160000.0,US,100,US,L,0
2022,MI,FT,Machine Learning Scientist,112300.0,USD,112300.0,US,100,US,L,1
2022,MI,FT,Data Science Manager,241000.0,USD,241000.0,US,100,US,M,0
2022,MI,FT,Data Science Manager,159000.0,USD,159000.0,US,100,US,M,0
2022,SE,FT,Data Scientist,180000.0,USD,180000.0,US,0,US,M,0
2022,SE,FT,Data Scientist,80000.0,USD,80000.0,US,0,US,M,0
2022,MI,FT,Data Analyst,58000.0,USD,58000.0,US,0,US,S,1
2022,MI,FT,Data Analyst,58000.0,USD,58000.0,US,0,US,S,1
2022,SE,FT,Data Engineer,136000.0,USD,136000.0,US,0,US,M,0
2022,SE,FT,Data Engineer,108800.0,USD,108800.0,US,0,US,M,0
2022,EX,FT,Data Engineer,242000.0,USD,242000.0,US,100,US,M,0
2022,EX,FT,Data Engineer,200000.0,USD,200000.0,US,100,US,M,0
2022,MI,FT,Data Scientist,50000.0,GBP,61566.0,GB,0,GB,M,1
2022,MI,FT,Data Scientist,30000.0,GBP,36940.0,GB,0,GB,M,1
2022,MI,FT,Data Engineer,60000.0,GBP,73880.0,GB,0,GB,M,1
2022,MI,FT,Data Engineer,40000.0,GBP,49253.0,GB,0,GB,M,1
2022,SE,FT,Data Scientist,165220.0,USD,165220.0,US,100,US,M,0
2022,SE,FT,Data Scientist,120160.0,USD,120160.0,US,100,US,M,0
2022,SE,FT,Data Analyst,124190.0,USD,124190.0,US,100,US,M,0
2022,SE,FT,Data Analyst,90320.0,USD,90320.0,US,100,US,M,0
2022,SE,FT,Data Engineer,181940.0,USD,181940.0,US,0,US,M,0
2022,SE,FT,Data Engineer,132320.0,USD,132320.0,US,0,US,M,0
2022,SE,FT,Data Engineer,220110.0,USD,220110.0,US,0,US,M,0
2022,SE,FT,Data Engineer,160080.0,USD,160080.0,US,0,US,M,0
2022,SE,FT,Data Scientist,180000.0,USD,180000.0,US,0,US,L,0
2022,SE,FT,Data Scientist,120000.0,USD,120000.0,US,0,US,L,0
2022,MI,FT,Data Analyst,126500.0,USD,126500.0,US,0,US,M,0
2022,MI,FT,Data Analyst,106260.0,USD,106260.0,US,0,US,M,0
2022,SE,FT,Data Analyst,116000.0,USD,116000.0,US,0,US,M,0
2022,SE,FT,Data Analyst,99000.0,USD,99000.0,US,0,US,M,0
2022,SE,FT,Data Analyst,155000.0,USD,155000.0,US,100,US,M,0
2022,SE,FT,Data Analyst,120600.0,USD,120600.0,US,100,US,M,0
2022,MI,FT,Data Scientist,130000.0,USD,130000.0,US,0,US,M,0
2022,MI,FT,Data Scientist,90000.0,USD,90000.0,US,0,US,M,0
2022,MI,FT,Data Engineer,170000.0,USD,170000.0,US,100,US,M,0
2022,MI,FT,Data Engineer,150000.0,USD,150000.0,US,100,US,M,0
2022,SE,FT,Data Analyst,102100.0,USD,102100.0,US,100,US,M,0
2022,SE,FT,Data Analyst,84900.0,USD,84900.0,US,100,US,M,0
2022,SE,FT,Data Scientist,136620.0,USD,136620.0,US,100,US,M,0
2022,SE,FT,Data Scientist,99360.0,USD,99360.0,US,100,US,M,0
2022,SE,FT,Data Scientist,90000.0,GBP,110820.0,GB,0,GB,M,0
2022,SE,FT,Data Scientist,80000.0,GBP,98506.0,GB,0,GB,M,1
2022,SE,FT,Data Scientist,146000.0,USD,146000.0,US,100,US,M,0
2022,SE,FT,Data Scientist,123000.0,USD,123000.0,US,100,US,M,0
2022,EN,FT,Data Engineer,40000.0,GBP,49253.0,GB,100,GB,M,1
2022,EN,FT,Data Engineer,35000.0,GBP,43096.0,GB,100,GB,M,1
2022,EX,FT,Data Analyst,130000.0,USD,130000.0,US,100,US,M,0
2022,EX,FT,Data Analyst,110000.0,USD,110000.0,US,100,US,M,0
2022,SE,FT,Data Analyst,170000.0,USD,170000.0,US,100,US,M,0
2022,SE,FT,Data Analyst,135000.0,USD,135000.0,US,100,US,M,0
2022,SE,FT,Data Science Manager,161342.0,USD,161342.0,US,100,US,M,0
2022,SE,FT,Data Science Manager,137141.0,USD,137141.0,US,100,US,M,0
2022,SE,FT,Data Scientist,167000.0,USD,167000.0,US,100,US,M,0
2022,SE,FT,Data Scientist,123000.0,USD,123000.0,US,100,US,M,0
2022,SE,FT,Data Engineer,60000.0,GBP,73880.0,GB,0,GB,M,1
2022,SE,FT,Data Engineer,50000.0,GBP,61566.0,GB,0,GB,M,1
2022,SE,FT,Data Scientist,211500.0,USD,211500.0,US,100,US,M,0
2022,SE,FT,Data Scientist,138600.0,USD,138600.0,US,100,US,M,0
2022,SE,FT,Data Architect,192400.0,USD,192400.0,CA,100,CA,M,0
2022,SE,FT,Data Architect,90700.0,USD,90700.0,CA,100,CA,M,1
2022,SE,FT,Data Analyst,130000.0,USD,130000.0,CA,100,CA,M,1
2022,SE,FT,Data Analyst,61300.0,USD,61300.0,CA,100,CA,M,1
2022,SE,FT,Data Analyst,130000.0,USD,130000.0,CA,100,CA,M,1
2022,SE,FT,Data Analyst,61300.0,USD,61300.0,CA,100,CA,M,1
2022,SE,FT,Data Engineer,160000.0,USD,160000.0,US,0,US,L,0
2022,SE,FT,Data Engineer,113000.0,USD,113000.0,US,0,US,L,0
2022,SE,FT,Data Scientist,150000.0,USD,150000.0,US,0,US,M,0
2022,SE,FT,Data Scientist,95550.0,USD,95550.0,US,0,US,M,0
2022,MI,FT,Data Analyst,167000.0,USD,167000.0,US,100,US,M,0
2022,MI,FT,Data Analyst,115500.0,USD,115500.0,US,100,US,M,0
2022,SE,FT,Data Analyst,112900.0,USD,112900.0,US,100,US,M,0
2022,SE,FT,Data Analyst,90320.0,USD,90320.0,US,100,US,M,0
2022,SE,FT,Data Analyst,112900.0,USD,112900.0,US,100,US,M,0
2022,SE,FT,Data Analyst,90320.0,USD,90320.0,US,100,US,M,0
2022,SE,FT,Data Engineer,165400.0,USD,165400.0,US,100,US,M,0
2022,SE,FT,Data Engineer,132320.0,USD,132320.0,US,100,US,M,0
2022,SE,FT,Data Engineer,243900.0,USD,243900.0,US,100,US,M,0
2022,SE,FT,Data Engineer,156600.0,USD,156600.0,US,100,US,M,0
2022,SE,FT,Data Analyst,136600.0,USD,136600.0,US,100,US,M,0
2022,SE,FT,Data Analyst,109280.0,USD,109280.0,US,100,US,M,0
2022,SE,FT,Data Engineer,128875.0,USD,128875.0,US,100,US,M,0
2022,SE,FT,Data Engineer,93700.0,USD,93700.0,US,100,US,M,0
2022,EX,FT,Head of Data Science,224000.0,USD,224000.0,US,100,US,M,0
2022,EX,FT,Head of Data Science,167875.0,USD,167875.0,US,100,US,M,0
2022,EX,FT,Analytics Engineer,175000.0,USD,175000.0,US,100,US,M,0
2022,EX,FT,Analytics Engineer,135000.0,USD,135000.0,US,100,US,M,0
2022,SE,FT,Data Engineer,209100.0,USD,209100.0,US,100,US,L,0
2022,SE,FT,Data Engineer,154600.0,USD,154600.0,US,100,US,L,0
2022,SE,FT,Data Engineer,180000.0,USD,180000.0,US,100,US,M,0
2022,SE,FT,Data Engineer,160000.0,USD,160000.0,US,100,US,M,0
2022,SE,FT,Data Scientist,205300.0,USD,205300.0,US,0,US,L,0
2022,SE,FT,Data Scientist,140400.0,USD,140400.0,US,0,US,L,0
2022,SE,FT,Data Scientist,176000.0,USD,176000.0,US,100,US,M,0
2022,SE,FT,Data Scientist,144000.0,USD,144000.0,US,100,US,M,0
2022,SE,FT,Data Engineer,200100.0,USD,200100.0,US,100,US,M,0
2022,SE,FT,Data Engineer,160000.0,USD,160000.0,US,100,US,M,0
2022,SE,FT,Data Engineer,70500.0,USD,70500.0,US,0,US,M,0
2022,SE,FT,Data Engineer,54000.0,USD,54000.0,US,0,US,M,0
2022,SE,FT,Data Scientist,205300.0,USD,205300.0,US,0,US,M,0
2022,SE,FT,Data Scientist,140400.0,USD,140400.0,US,0,US,M,0
2022,SE,FT,Analytics Engineer,205300.0,USD,205300.0,US,0,US,M,0
2022,SE,FT,Analytics Engineer,184700.0,USD,184700.0,US,0,US,M,0
2022,SE,FT,Data Engineer,175100.0,USD,175100.0,US,100,US,M,0
2022,SE,FT,Data Engineer,140250.0,USD,140250.0,US,100,US,M,0
2022,SE,FT,Data Analyst,116150.0,USD,116150.0,US,100,US,M,0
2022,SE,FT,Data Analyst,99050.0,USD,99050.0,US,100,US,M,0
2022,SE,FT,Data Engineer,145000.0,USD,145000.0,US,100,US,M,0
2022,SE,FT,Data Engineer,130000.0,USD,130000.0,US,100,US,M,0
2022,SE,FT,Data Analyst,112900.0,USD,112900.0,US,100,US,M,0
2022,SE,FT,Data Analyst,90320.0,USD,90320.0,US,100,US,M,0
2022,MI,FT,Data Analyst,85000.0,USD,85000.0,CA,0,CA,M,1
2022,MI,FT,Data Analyst,75000.0,USD,75000.0,CA,0,CA,M,1
2022,SE,FT,Machine Learning Engineer,214000.0,USD,214000.0,US,100,US,M,0
2022,SE,FT,Machine Learning Engineer,192600.0,USD,192600.0,US,100,US,M,0
2022,SE,FT,Data Architect,266400.0,USD,266400.0,US,100,US,M,0
2022,SE,FT,Data Architect,213120.0,USD,213120.0,US,100,US,M,0
2022,SE,FT,Data Engineer,155000.0,USD,155000.0,US,100,US,M,0
2022,SE,FT,Data Engineer,115000.0,USD,115000.0,US,100,US,M,0
2022,MI,FT,Data Scientist,141300.0,USD,141300.0,US,0,US,M,0
2022,MI,FT,Data Scientist,102100.0,USD,102100.0,US,0,US,M,0
2022,SE,FT,Data Analyst,115934.0,USD,115934.0,US,100,US,M,0
2022,SE,FT,Data Analyst,81666.0,USD,81666.0,US,100,US,M,0
2022,MI,FT,Data Engineer,206699.0,USD,206699.0,US,0,US,M,0
2022,MI,FT,Data Engineer,99100.0,USD,99100.0,US,0,US,M,0
2022,SE,FT,Data Engineer,130000.0,USD,130000.0,US,100,US,M,0
2022,SE,FT,Data Engineer,110500.0,USD,110500.0,US,100,US,M,0
2022,MI,FT,Data Analyst,50000.0,GBP,61566.0,GB,0,GB,M,1
2022,MI,FT,Data Analyst,35000.0,GBP,43096.0,GB,0,GB,M,1
2022,SE,FT,Data Analyst,80000.0,USD,80000.0,US,100,US,M,0
2022,SE,FT,Data Analyst,60000.0,USD,60000.0,US,100,US,M,0
2022,SE,FT,Data Architect,192564.0,USD,192564.0,US,100,US,M,0
2022,SE,FT,Data Architect,144854.0,USD,144854.0,US,100,US,M,0
2022,SE,FT,Data Scientist,230000.0,USD,230000.0,US,100,US,M,0
2022,SE,FT,Data Scientist,150000.0,USD,150000.0,US,100,US,M,0
2022,SE,FT,Data Analytics Manager,150260.0,USD,150260.0,US,100,US,M,0
2022,SE,FT,Data Analytics Manager,109280.0,USD,109280.0,US,100,US,M,0
2022,SE,FT,Data Analyst,170000.0,USD,170000.0,US,100,US,M,0
2022,SE,FT,Data Analyst,150000.0,USD,150000.0,US,100,US,M,0
2022,MI,FT,Data Scientist,160000.0,USD,160000.0,US,100,US,M,0
2022,MI,FT,Data Scientist,130000.0,USD,130000.0,US,100,US,M,0
2022,EN,FT,Data Analyst,67000.0,USD,67000.0,CA,0,CA,M,1
2022,EN,FT,Data Analyst,52000.0,USD,52000.0,CA,0,CA,M,1
2022,SE,FT,Data Engineer,154000.0,USD,154000.0,US,100,US,M,0
2022,SE,FT,Data Engineer,126000.0,USD,126000.0,US,100,US,M,0
2022,SE,FT,Data Analyst,129000.0,USD,129000.0,US,0,US,M,0
2022,SE,FT,Data Analyst,99000.0,USD,99000.0,US,0,US,M,0
2022,SE,FT,Data Scientist,210000.0,USD,210000.0,US,100,US,M,0
2022,SE,FT,Data Scientist,140000.0,USD,140000.0,US,100,US,M,0
2022,SE,FT,Data Scientist,210000.0,USD,210000.0,US,100,US,M,0
2022,SE,FT,Data Scientist,140000.0,USD,140000.0,US,100,US,M,0
2022,SE,FT,Data Scientist,210000.0,USD,210000.0,US,100,US,M,0
2022,SE,FT,Data Scientist,140000.0,USD,140000.0,US,100,US,M,0
2022,SE,FT,Data Analyst,100000.0,USD,100000.0,US,100,US,M,0
2022,SE,FT,Data Analyst,69000.0,USD,69000.0,US,100,US,M,0
2022,SE,FT,Data Scientist,210000.0,USD,210000.0,US,100,US,M,0
2022,SE,FT,Data Scientist,140000.0,USD,140000.0,US,100,US,M,0
2022,SE,FT,Data Analyst,150075.0,USD,150075.0,US,100,US,M,0
2022,SE,FT,Data Analyst,110925.0,USD,110925.0,US,100,US,M,0
2022,SE,FT,Data Engineer,100000.0,USD,100000.0,US,100,US,M,0
2022,SE,FT,Data Engineer,25000.0,USD,25000.0,US,100,US,M,1
2022,SE,FT,Data Analyst,126500.0,USD,126500.0,US,100,US,M,0
2022,SE,FT,Data Analyst,106260.0,USD,106260.0,US,100,US,M,0
2022,SE,FT,Data Engineer,220110.0,USD,220110.0,US,100,US,M,0
2022,SE,FT,Data Engineer,160080.0,USD,160080.0,US,100,US,M,0
2022,SE,FT,Data Analyst,105000.0,USD,105000.0,US,100,US,M,0
2022,SE,FT,Data Analyst,100000.0,USD,100000.0,US,100,US,M,0
2022,SE,FT,Data Analyst,170000.0,USD,170000.0,US,100,US,M,0
2022,SE,FT,Data Analyst,135000.0,USD,135000.0,US,100,US,M,0
2022,SE,FT,Data Scientist,230000.0,USD,230000.0,US,100,US,M,0
2022,SE,FT,Data Scientist,140000.0,USD,140000.0,US,100,US,M,0
2022,MI,FT,Data Analyst,135000.0,USD,135000.0,US,100,US,M,0
2022,MI,FT,Data Analyst,50000.0,USD,50000.0,US,100,US,M,1
2022,SE,FT,Data Scientist,220000.0,USD,220000.0,US,100,US,M,0
2022,SE,FT,Data Scientist,140000.0,USD,140000.0,US,100,US,M,0
2022,MI,FT,Data Scientist,140000.0,GBP,172386.0,GB,0,GB,M,0
2022,MI,FT,Data Scientist,70000.0,GBP,86193.0,GB,0,GB,M,1
2022,SE,FT,Machine Learning Engineer,220000.0,USD,220000.0,US,100,US,M,0
2022,SE,FT,Machine Learning Engineer,120000.0,USD,120000.0,US,100,US,M,0
2022,MI,FT,Data Scientist,200000.0,USD,200000.0,US,100,US,M,0
2022,MI,FT,Data Scientist,120000.0,USD,120000.0,US,100,US,M,0
2022,SE,FT,Machine Learning Engineer,120000.0,USD,120000.0,AE,100,AE,S,1
2022,SE,FT,Machine Learning Engineer,65000.0,USD,65000.0,AE,100,AE,S,1
2022,EX,FT,Data Engineer,324000.0,USD,324000.0,US,100,US,M,0
2022,EX,FT,Data Engineer,216000.0,USD,216000.0,US,100,US,M,0
2022,SE,FT,Data Engineer,210000.0,USD,210000.0,US,100,US,M,0
2022,SE,FT,Data Engineer,100000.0,USD,100000.0,US,100,US,M,0
2022,SE,FT,Data Scientist,185100.0,USD,185100.0,US,100,US,M,0
2022,SE,FT,Data Scientist,104890.0,USD,104890.0,US,100,US,M,0
2022,SE,FT,Data Engineer,105000.0,USD,105000.0,US,100,US,M,0
2022,SE,FT,Data Engineer,80000.0,USD,80000.0,US,100,US,M,0
2022,MI,FT,Machine Learning Developer,100000.0,CAD,76814.0,CA,100,CA,M,1
2020,SE,FT,Machine Learning Manager,157000.0,CAD,117104.0,CA,50,CA,L,1
2022,EX,FT,Director of Data Science,250000.0,CAD,192037.0,CA,50,CA,L,0
2022,MI,FT,Machine Learning Engineer,120000.0,USD,120000.0,US,100,US,S,1
2022,MI,FT,Business Data Analyst,1400000.0,INR,17805.0,IN,100,IN,M,1
2022,MI,FT,Data Scientist,2400000.0,INR,30523.0,IN,100,IN,L,1
2022,MI,FT,Machine Learning Infrastructure Engineer,53000.0,EUR,55685.0,PT,50,PT,L,1
2022,MI,PT,Data Engineer,50000.0,EUR,52533.0,DE,50,DE,L,1
2022,EN,FT,Data Scientist,1400000.0,INR,17805.0,IN,100,IN,M,1
2022,MI,FT,Applied Machine Learning Scientist,75000.0,USD,75000.0,BO,100,US,L,1
2022,MI,FT,Applied Data Scientist,157000.0,USD,157000.0,US,100,US,L,0
2022,MI,FT,Business Data Analyst,90000.0,CAD,69133.0,CA,50,CA,L,1
2022,EN,FT,Data Engineer,65000.0,USD,65000.0,US,100,US,S,1
2022,SE,FT,Machine Learning Engineer,65000.0,EUR,68293.0,IE,100,IE,S,1
2021,MI,FT,Data Scientist,109000.0,USD,109000.0,US,50,US,L,1
2022,MI,FT,Data Scientist,88000.0,CAD,67597.0,CA,100,CA,M,1
2022,EN,FT,Computer Vision Engineer,10000.0,USD,10000.0,PT,100,LU,M,1
2022,MI,FT,Data Analyst,20000.0,USD,20000.0,GR,100,GR,S,1
2021,SE,FT,Head of Data,87000.0,EUR,102839.0,SI,100,SI,L,1
2022,SE,FT,Head of Data,200000.0,USD,200000.0,MY,100,US,M,0
2022,EN,FT,Data Scientist,66500.0,CAD,51081.0,CA,100,CA,L,1
2022,MI,FT,Data Scientist,78000.0,USD,78000.0,US,100,US,M,1
2022,SE,FT,Data Engineer,135000.0,USD,135000.0,US,100,US,M,0
2022,SE,FT,Data Engineer,115000.0,USD,115000.0,US,100,US,M,0
2022,MI,FT,Machine Learning Engineer,121000.0,AUD,83864.0,AU,100,AU,L,1
2022,EN,FT,Data Scientist,40000.0,USD,40000.0,JP,100,MY,L,1
2022,MI,FT,Head of Data,30000.0,EUR,31520.0,EE,100,EE,S,1
2022,SE,FT,Machine Learning Engineer,57000.0,EUR,59888.0,NL,100,NL,L,1
2020,EN,FT,Data Engineer,48000.0,EUR,54742.0,PK,100,DE,L,1
2022,SE,FT,Research Scientist,85000.0,EUR,89306.0,FR,50,FR,L,1
2022,EN,FT,Data Scientist,120000.0,AUD,83171.0,AU,50,AU,M,1
2022,SE,FT,Data Scientist,165000.0,USD,165000.0,US,100,US,M,0
2022,MI,FT,Machine Learning Scientist,153000.0,USD,153000.0,US,50,US,M,0
2022,SE,FT,Data Scientist,100000.0,USD,100000.0,BR,100,US,M,0
2022,SE,FT,Machine Learning Developer,100000.0,CAD,76814.0,CA,100,CA,M,1
2022,MI,FT,Data Scientist,150000.0,PLN,33609.0,PL,100,PL,L,1
2022,MI,FT,Principal Data Analyst,75000.0,USD,75000.0,CA,100,CA,S,1
2020,MI,FT,Product Data Analyst,20000.0,USD,20000.0,HN,0,HN,S,1
2022,EN,CT,Applied Machine Learning Scientist,29000.0,EUR,30469.0,TN,100,CZ,M,1
2021,MI,FT,Research Scientist,69999.0,USD,69999.0,CZ,50,CZ,L,1
2022,EN,FT,Data Engineer,52800.0,EUR,55475.0,PK,100,DE,M,1
2022,MI,FT,Research Scientist,59000.0,EUR,61989.0,AT,0,AT,L,1
2022,SE,FT,Data Science Manager,152500.0,USD,152500.0,US,100,US,M,0
2022,EN,FT,Research Scientist,120000.0,USD,120000.0,US,100,US,L,1
2022,MI,FT,Data Scientist,135000.0,USD,135000.0,US,100,US,L,1
2022,SE,FT,Data Analytics Lead,405000.0,USD,405000.0,US,100,US,L,0
2021,SE,FT,Data Engineer,150000.0,USD,150000.0,US,0,US,L,0
2021,SE,FT,Data Science Manager,240000.0,USD,240000.0,US,0,US,L,0
2021,MI,FT,Data Analyst,135000.0,USD,135000.0,US,100,US,L,1
2021,EN,FT,Data Scientist,80000.0,USD,80000.0,US,100,US,M,1
2022,SE,FT,Applied Data Scientist,380000.0,USD,380000.0,US,100,US,L,0
2022,MI,FT,Data Scientist,115000.0,CHF,120402.0,CH,0,CH,L,1
2022,SE,FT,Applied Data Scientist,177000.0,USD,177000.0,US,100,US,L,0
2022,MI,FT,Data Engineer,62000.0,EUR,65141.0,FR,100,FR,M,1
2022,MI,FT,Data Scientist,48000.0,USD,48000.0,RU,100,US,S,1
2022,EN,FT,Data Analytics Engineer,20000.0,USD,20000.0,PK,0,PK,M,1
2021,SE,FT,Principal Data Scientist,220000.0,USD,220000.0,US,0,US,L,0
2021,MI,FT,ML Engineer,8500000.0,JPY,77364.0,JP,50,JP,S,1
2021,MI,FT,ML Engineer,7000000.0,JPY,63711.0,JP,50,JP,S,1
2022,EN,FT,Computer Vision Software Engineer,150000.0,USD,150000.0,AU,100,AU,S,1
2021,MI,FT,Data Analyst,90000.0,USD,90000.0,US,100,US,M,1
2022,MI,FL,Data Scientist,100000.0,USD,100000.0,CA,100,US,M,1
2021,EN,FT,Data Scientist,100000.0,USD,100000.0,US,0,US,S,1
2022,EN,PT,Data Scientist,100000.0,USD,100000.0,DZ,50,DZ,M,1
2022,SE,FT,Research Scientist,144000.0,USD,144000.0,US,50,US,L,0
2022,SE,FT,Principal Data Scientist,148000.0,EUR,155499.0,DE,100,DE,M,0
2021,SE,FT,Computer Vision Engineer,24000.0,USD,24000.0,BR,100,BR,M,1
2021,MI,FT,Applied Machine Learning Scientist,38400.0,USD,38400.0,VN,100,US,M,1
2022,EN,FT,Financial Data Analyst,100000.0,USD,100000.0,US,50,US,L,1
2021,MI,FT,Data Scientist,82500.0,USD,82500.0,US,100,US,S,1
2021,EN,FT,Data Scientist,42000.0,EUR,49646.0,FR,50,FR,M,1
2021,SE,FT,Lead Data Scientist,3000000.0,INR,40570.0,IN,50,IN,L,1
2022,EN,FT,Data Engineer,120000.0,USD,120000.0,US,100,US,M,0
2022,SE,FT,Lead Machine Learning Engineer,80000.0,EUR,84053.0,DE,0,DE,M,1
2021,EN,FT,Machine Learning Engineer,20000.0,USD,20000.0,IN,100,IN,S,1
2022,EN,FT,Computer Vision Engineer,125000.0,USD,125000.0,US,0,US,M,0
2021,MI,FT,Data Scientist,700000.0,INR,9466.0,IN,0,IN,S,1
2021,SE,FT,Machine Learning Scientist,120000.0,USD,120000.0,US,50,US,S,1
2021,EN,PT,Data Analyst,8760.0,EUR,10354.0,ES,50,ES,M,1
2021,EN,FT,Applied Data Scientist,80000.0,GBP,110037.0,GB,0,GB,L,1
2022,EN,FT,ML Engineer,20000.0,EUR,21013.0,PT,100,PT,L,1
2021,EN,FT,Data Analyst,50000.0,USD,50000.0,US,100,US,M,1
2021,SE,FT,Principal Data Engineer,200000.0,USD,200000.0,US,100,US,M,0
2021,MI,FT,Big Data Engineer,60000.0,USD,60000.0,ES,50,RO,M,1
2021,MI,FT,Data Engineer,200000.0,USD,200000.0,US,100,US,L,1
2021,EN,FT,Machine Learning Developer,100000.0,USD,100000.0,IQ,50,IQ,S,1
2021,MI,FT,Data Engineer,100000.0,USD,100000.0,US,100,US,L,1
2021,SE,FT,Machine Learning Engineer,70000.0,EUR,82744.0,BE,50,BE,M,1
2020,MI,FT,Data Engineer,51999.0,EUR,59303.0,DE,100,DE,S,1
2021,MI,FT,Research Scientist,53000.0,EUR,62649.0,FR,50,FR,M,1
2021,MI,FT,Data Engineer,60000.0,GBP,82528.0,GB,100,GB,L,1
2021,MI,FT,Data Architect,170000.0,USD,170000.0,US,100,US,L,1
2021,MI,FT,Data Architect,150000.0,USD,150000.0,US,100,US,L,1
2021,EN,FT,BI Data Analyst,55000.0,USD,55000.0,US,50,US,S,1
2021,EX,FT,Director of Data Science,250000.0,USD,250000.0,US,0,US,L,0
2021,EN,FT,Data Engineer,80000.0,USD,80000.0,US,100,US,L,1
2020,EN,FT,Big Data Engineer,70000.0,USD,70000.0,US,100,US,L,1
2021,EX,FT,Director of Data Science,110000.0,EUR,130026.0,DE,50,DE,M,1
2021,EN,FT,Data Science Consultant,54000.0,EUR,63831.0,DE,50,DE,L,1
2020,SE,FT,Data Scientist,60000.0,EUR,68428.0,GR,100,US,L,1
2021,EX,FT,Head of Data Science,85000.0,USD,85000.0,RU,0,RU,M,1
2021,EX,FT,Head of Data,230000.0,USD,230000.0,RU,50,RU,L,1
2021,EN,FT,Machine Learning Engineer,125000.0,USD,125000.0,US,100,US,S,1
2021,SE,FT,Data Analytics Manager,120000.0,USD,120000.0,US,100,US,M,1
2020,MI,FT,Research Scientist,450000.0,USD,450000.0,US,0,US,M,0
2020,MI,FT,Data Analyst,41000.0,EUR,46759.0,FR,50,FR,L,1
2020,MI,FT,Data Engineer,65000.0,EUR,74130.0,AT,50,AT,L,1
2021,SE,FT,Data Science Engineer,159500.0,CAD,127221.0,CA,50,CA,L,1
2021,SE,FT,Data Science Manager,144000.0,USD,144000.0,US,100,US,L,1
2021,EN,FT,Data Scientist,13400.0,USD,13400.0,UA,100,UA,L,1
2021,MI,FT,Data Scientist,95000.0,CAD,75774.0,CA,100,CA,L,1
2021,MI,FT,Data Scientist,150000.0,USD,150000.0,US,100,US,M,1
2020,MI,FT,Data Science Consultant,103000.0,USD,103000.0,US,100,US,L,1
2021,SE,FT,Data Engineer,153000.0,USD,153000.0,US,100,US,L,1
2021,MI,FT,Data Engineer,90000.0,USD,90000.0,US,100,US,L,1
2021,EN,FT,Data Analyst,90000.0,USD,90000.0,US,100,US,S,1
2021,EN,FT,Data Analyst,60000.0,USD,60000.0,US,100,US,S,1
2021,MI,FT,Data Scientist,50000.0,USD,50000.0,NG,100,NG,L,1
2021,EN,PT,AI Scientist,12000.0,USD,12000.0,PK,100,US,M,1
2021,MI,PT,3D Computer Vision Researcher,400000.0,INR,5409.0,IN,50,IN,M,1
2021,MI,CT,ML Engineer,270000.0,USD,270000.0,US,100,US,L,0
2021,MI,FT,Applied Data Scientist,68000.0,CAD,54238.0,GB,50,CA,L,1
2021,MI,FT,Machine Learning Engineer,40000.0,EUR,47282.0,ES,100,ES,S,1
2021,EX,FT,Director of Data Science,130000.0,EUR,153667.0,IT,100,PL,L,1
2021,MI,FT,Data Engineer,110000.0,PLN,28476.0,PL,100,PL,L,1
2021,MI,FT,Data Analytics Engineer,110000.0,USD,110000.0,US,100,US,L,1
2021,EN,FT,Research Scientist,60000.0,GBP,82528.0,GB,50,GB,L,1
2020,EN,FT,Machine Learning Engineer,250000.0,USD,250000.0,US,50,US,L,1
2021,EN,FT,Data Analyst,50000.0,EUR,59102.0,FR,50,FR,M,1
2021,SE,FT,Data Analyst,80000.0,USD,80000.0,BG,100,US,S,1
2020,EN,FT,Data Analyst,10000.0,USD,10000.0,NG,100,NG,S,1
2020,EN,FT,Machine Learning Engineer,138000.0,USD,138000.0,US,100,US,S,1
2021,MI,FT,Data Engineer,140000.0,USD,140000.0,US,100,US,L,1
2021,SE,FT,Data Analytics Engineer,67000.0,EUR,79197.0,DE,100,DE,L,1
2021,SE,FT,Lead Data Analyst,170000.0,USD,170000.0,US,100,US,L,1
2021,EN,FT,Data Analyst,80000.0,USD,80000.0,US,100,US,M,1
2020,MI,FT,Data Scientist,45760.0,USD,45760.0,PH,100,US,S,1
2021,MI,FT,BI Data Analyst,100000.0,USD,100000.0,US,100,US,M,1
2021,SE,FT,Data Scientist,45000.0,EUR,53192.0,FR,50,FR,L,1
2021,EX,FT,Head of Data,235000.0,USD,235000.0,US,100,US,L,0
2021,EX,FT,BI Data Analyst,150000.0,USD,150000.0,IN,100,US,L,1
2020,EX,FT,Data Engineer,70000.0,EUR,79833.0,ES,50,ES,L,1
2021,EN,FT,Machine Learning Scientist,225000.0,USD,225000.0,US,100,US,L,0
2021,EN,FT,Data Science Consultant,65000.0,EUR,76833.0,DE,100,DE,S,1
2020,MI,FT,Machine Learning Infrastructure Engineer,44000.0,EUR,50180.0,PT,0,PT,M,1
2021,SE,FT,Marketing Data Analyst,75000.0,EUR,88654.0,GR,100,DK,L,1
2021,SE,FT,Lead Data Engineer,75000.0,GBP,103160.0,GB,100,GB,S,1
2021,SE,FT,Data Engineer,82500.0,GBP,113476.0,GB,100,GB,M,1
2021,SE,FT,Machine Learning Engineer,80000.0,EUR,94564.0,DE,50,DE,L,1
2021,EN,FT,Data Engineer,2250000.0,INR,30428.0,IN,100,IN,L,1
2021,SE,FT,Data Engineer,150000.0,USD,150000.0,US,100,US,M,0
2021,SE,FT,Data Engineer,115000.0,USD,115000.0,US,100,US,S,1
2021,MI,FT,Research Scientist,235000.0,CAD,187442.0,CA,100,CA,L,1
2021,MI,FT,Data Analyst,37456.0,GBP,51519.0,GB,50,GB,L,1
2020,MI,FT,Data Engineer,106000.0,USD,106000.0,US,100,US,L,1
2020,MI,FT,Data Engineer,88000.0,GBP,112872.0,GB,50,GB,L,1
2021,MI,FT,BI Data Analyst,11000000.0,HUF,36259.0,HU,50,US,L,1
2021,SE,FT,Data Engineer,150000.0,USD,150000.0,US,100,US,L,1
2020,EN,PT,ML Engineer,14000.0,EUR,15966.0,DE,100,DE,S,1
2021,MI,FT,Computer Vision Software Engineer,81000.0,EUR,95746.0,DE,100,US,S,1
2021,EN,FT,Computer Vision Software Engineer,70000.0,USD,70000.0,US,100,US,M,1
2020,MI,FT,Data Scientist,60000.0,GBP,76958.0,GB,100,GB,S,1
2021,MI,FT,Cloud Data Engineer,120000.0,SGD,89294.0,SG,50,SG,L,1
2021,EN,FT,Data Scientist,2200000.0,INR,29751.0,IN,50,IN,L,1
2021,SE,FT,Lead Data Engineer,276000.0,USD,276000.0,US,0,US,L,0
2020,SE,FT,Data Engineer,188000.0,USD,188000.0,US,100,US,L,1
2021,SE,FT,Cloud Data Engineer,160000.0,USD,160000.0,BR,100,US,S,1
2020,MI,FT,Data Scientist,105000.0,USD,105000.0,US,100,US,L,1
2021,MI,FT,Data Engineer,200000.0,USD,200000.0,US,100,US,L,1
2021,SE,FT,Data Engineer,174000.0,USD,174000.0,US,100,US,L,1
2021,MI,FT,Data Analyst,93000.0,USD,93000.0,US,100,US,L,1
2021,EN,FT,Data Scientist,2100000.0,INR,28399.0,IN,100,IN,M,1
2021,SE,FT,Research Scientist,51400.0,EUR,60757.0,PT,50,PT,L,1
2021,EN,FT,Data Scientist,90000.0,USD,90000.0,US,100,US,S,1
2020,MI,FT,Data Engineer,61500.0,EUR,70139.0,FR,50,FR,L,1
2020,EN,FT,Data Analyst,450000.0,INR,6072.0,IN,0,IN,S,1
2020,SE,FT,Data Engineer,720000.0,MXN,33511.0,MX,0,MX,S,1
2021,SE,FT,Principal Data Analyst,170000.0,USD,170000.0,US,100,US,M,0
2021,SE,FT,Data Engineer,70000.0,GBP,96282.0,GB,50,GB,L,1
2021,MI,FT,Data Engineer,108000.0,TRY,12103.0,TR,0,TR,M,1
2021,EN,FT,Data Scientist,31000.0,EUR,36643.0,FR,50,FR,L,1
2021,MI,FT,Data Engineer,52500.0,GBP,72212.0,GB,50,GB,L,1
2020,EN,FT,Data Analyst,91000.0,USD,91000.0,US,100,US,L,1
2021,SE,FT,Big Data Architect,125000.0,CAD,99703.0,CA,50,CA,M,1
2021,SE,FT,Data Scientist,165000.0,USD,165000.0,US,100,US,L,1
2021,MI,FT,Data Analyst,80000.0,USD,80000.0,US,100,US,L,1
2021,SE,FT,Data Scientist,130000.0,CAD,103691.0,CA,100,CA,L,1
2021,EN,FT,Data Engineer,1600000.0,INR,21637.0,IN,50,IN,M,1
2020,EN,FT,Research Scientist,42000.0,USD,42000.0,NL,50,NL,L,1
2020,MI,FT,Lead Data Scientist,115000.0,USD,115000.0,AE,0,AE,L,1
2021,MI,FT,Research Scientist,80000.0,CAD,63810.0,CA,100,CA,M,1
2020,SE,FT,Machine Learning Scientist,260000.0,USD,260000.0,JP,0,JP,S,1
2021,MI,FT,Head of Data Science,110000.0,USD,110000.0,US,0,US,S,1
2021,MI,FT,Data Architect,180000.0,USD,180000.0,US,100,US,L,1
2021,SE,FT,Data Analyst,200000.0,USD,200000.0,US,100,US,L,0
2020,SE,FT,Big Data Engineer,85000.0,GBP,109024.0,GB,50,GB,M,1
2021,SE,FT,Data Engineer,200000.0,USD,200000.0,US,100,US,L,0
2021,SE,FT,ML Engineer,256000.0,USD,256000.0,US,100,US,S,0
2021,MI,FT,Data Engineer,110000.0,USD,110000.0,US,100,US,L,1
2020,MI,FT,Data Scientist,70000.0,EUR,79833.0,DE,0,DE,L,1
2021,EN,FT,Data Engineer,72500.0,USD,72500.0,US,100,US,L,1
2021,SE,FT,Machine Learning Engineer,185000.0,USD,185000.0,US,50,US,L,0
2021,MI,PT,Data Engineer,59000.0,EUR,69741.0,NL,100,NL,L,1
2021,EN,FT,Research Scientist,100000.0,USD,100000.0,JE,0,CN,L,1
2021,MI,FT,Data Engineer,112000.0,USD,112000.0,US,100,US,L,1
2020,SE,FT,Machine Learning Engineer,150000.0,USD,150000.0,US,50,US,L,1
2021,SE,FT,Data Scientist,180000.0,TRY,20171.0,TR,50,TR,L,1
2021,SE,FT,AI Scientist,55000.0,USD,55000.0,ES,100,ES,L,1
2021,EN,FT,Data Scientist,58000.0,USD,58000.0,US,50,US,L,1
2021,EN,FT,Data Scientist,100000.0,USD,100000.0,US,100,US,M,1
2021,SE,FT,Data Scientist,65720.0,EUR,77684.0,FR,50,FR,M,1
2021,EN,FT,Machine Learning Engineer,85000.0,USD,85000.0,NL,100,DE,S,1
2021,EN,FT,Data Science Consultant,65000.0,EUR,76833.0,DE,0,DE,L,1
2021,SE,CT,Staff Data Scientist,105000.0,USD,105000.0,US,100,US,M,1
2020,EN,FT,Data Analyst,72000.0,USD,72000.0,US,100,US,L,1
2021,EN,FT,Data Engineer,55000.0,EUR,65013.0,DE,50,DE,M,1
2021,MI,FT,Data Engineer,250000.0,TRY,28016.0,TR,100,TR,M,1
2021,MI,FT,Data Engineer,111775.0,USD,111775.0,US,0,US,M,1
2021,MI,FT,Data Engineer,93150.0,USD,93150.0,US,0,US,M,1
2021,SE,FT,Lead Data Engineer,160000.0,USD,160000.0,PR,50,US,S,1
2021,MI,FT,Data Scientist,21600.0,EUR,25532.0,RS,100,DE,S,1
2021,SE,FT,Machine Learning Engineer,4900000.0,INR,66265.0,IN,0,IN,L,1
2021,MI,FT,Data Scientist,1250000.0,INR,16904.0,IN,100,IN,S,1
2021,SE,FT,Data Analyst,54000.0,EUR,63831.0,DE,50,DE,L,1
2020,SE,FT,Lead Data Scientist,190000.0,USD,190000.0,US,100,US,S,1
2021,EX,FT,Director of Data Science,120000.0,EUR,141846.0,DE,0,DE,L,1
2021,EN,FT,Big Data Engineer,1200000.0,INR,16228.0,IN,100,IN,L,1
2021,SE,FT,Data Analyst,90000.0,CAD,71786.0,CA,100,CA,M,1
2020,MI,FT,Data Scientist,11000000.0,HUF,35735.0,HU,50,HU,L,1
2021,SE,FT,Data Scientist,135000.0,USD,135000.0,US,0,US,L,1
2021,EN,FT,Machine Learning Engineer,21000.0,EUR,24823.0,DE,50,DE,M,1
2021,SE,FT,Data Science Manager,4000000.0,INR,54094.0,IN,50,US,L,1
2021,SE,FT,Machine Learning Engineer,1799997.0,INR,24342.0,IN,100,IN,L,1
2021,EN,FT,BI Data Analyst,9272.0,USD,9272.0,KE,100,KE,S,1
2021,MI,FT,Data Scientist,147000.0,USD,147000.0,US,50,US,L,1
2021,SE,FT,Research Scientist,120500.0,CAD,96113.0,CA,50,CA,L,1
2021,SE,FT,Data Science Manager,174000.0,USD,174000.0,US,100,US,L,1
2020,MI,FT,Business Data Analyst,135000.0,USD,135000.0,US,100,US,L,1
2021,EN,FT,Machine Learning Engineer,21844.0,USD,21844.0,CO,50,CO,M,1
2020,SE,FT,Lead Data Engineer,125000.0,USD,125000.0,NZ,50,NZ,S,1
2020,EN,FT,Data Scientist,45000.0,EUR,51321.0,FR,0,FR,S,1
2020,MI,FT,Data Scientist,3000000.0,INR,40481.0,IN,0,IN,L,1
2021,EX,FT,Data Science Consultant,59000.0,EUR,69741.0,FR,100,ES,S,1
2021,SE,FT,Data Analytics Engineer,50000.0,USD,50000.0,VN,100,GB,M,1
2020,EN,FT,Data Scientist,35000.0,EUR,39916.0,FR,0,FR,M,1
2020,MI,FT,Lead Data Analyst,87000.0,USD,87000.0,US,100,US,L,1
2021,MI,FT,Data Engineer,22000.0,EUR,26005.0,RO,0,US,L,1
2021,MI,FT,Data Scientist,76760.0,EUR,90734.0,DE,50,DE,L,1
2021,MI,FT,Big Data Engineer,1672000.0,INR,22611.0,IN,0,IN,L,1
2021,MI,FT,Data Scientist,420000.0,INR,5679.0,IN,100,US,S,1
2021,EN,FT,Machine Learning Engineer,81000.0,USD,81000.0,US,50,US,S,1
2021,MI,FT,Data Scientist,30400000.0,CLP,40038.0,CL,100,CL,L,1
2021,EN,FT,Data Science Consultant,90000.0,USD,90000.0,US,100,US,S,1
2021,MI,FT,Data Scientist,52000.0,EUR,61467.0,DE,50,AT,M,1
2021,SE,FT,Machine Learning Infrastructure Engineer,195000.0,USD,195000.0,US,100,US,M,0
2021,MI,FT,Data Scientist,32000.0,EUR,37825.0,ES,100,ES,L,1
2020,MI,FT,Data Analyst,85000.0,USD,85000.0,US,100,US,L,1
2021,EX,CT,Principal Data Scientist,416000.0,USD,416000.0,US,100,US,S,0
2021,SE,FT,Machine Learning Scientist,225000.0,USD,225000.0,US,100,CA,L,0
2021,MI,FT,Data Scientist,40900.0,GBP,56256.0,GB,50,GB,L,1
2021,MI,FT,Data Scientist,2500000.0,INR,33808.0,IN,0,IN,M,1
2021,MI,FT,Data Scientist,85000.0,GBP,116914.0,GB,50,GB,L,1
2021,MI,FT,Machine Learning Engineer,180000.0,PLN,46597.0,PL,100,PL,L,1
2020,MI,FT,Data Analyst,8000.0,USD,8000.0,PK,50,PK,L,1
2020,EN,FT,Data Engineer,4450000.0,JPY,41689.0,JP,100,JP,S,1
2020,SE,FT,Big Data Engineer,100000.0,EUR,114047.0,PL,100,GB,S,1
2021,MI,FT,Machine Learning Engineer,75000.0,EUR,88654.0,BE,100,BE,M,1
2020,EN,FT,Data Science Consultant,423000.0,INR,5707.0,IN,50,IN,M,1
2020,MI,FT,Lead Data Engineer,56000.0,USD,56000.0,PT,100,US,M,1
2021,EN,PT,Computer Vision Engineer,180000.0,DKK,28609.0,DK,50,DK,S,1
2021,MI,FT,Data Scientist,75000.0,EUR,88654.0,DE,50,DE,L,1
2020,MI,FT,Product Data Analyst,450000.0,INR,6072.0,IN,100,IN,L,1
2020,SE,FT,Data Engineer,42000.0,EUR,47899.0,GR,50,GR,L,1
2020,MI,FT,BI Data Analyst,98000.0,USD,98000.0,US,0,US,M,1
2021,MI,FT,Data Engineer,48000.0,GBP,66022.0,HK,50,GB,S,1
2021,MI,FT,Research Scientist,48000.0,EUR,56738.0,FR,50,FR,S,1
2021,MI,FT,Machine Learning Engineer,21000.0,EUR,24823.0,SI,50,SI,L,1
2021,SE,FT,Data Analytics Manager,120000.0,USD,120000.0,US,0,US,L,1
2021,MI,FL,Data Engineer,20000.0,USD,20000.0,IT,0,US,L,1
2020,EX,FT,Director of Data Science,325000.0,USD,325000.0,US,100,US,L,0
2021,SE,FT,Machine Learning Engineer,200000.0,USD,200000.0,US,100,US,L,0
2020,EN,FT,AI Scientist,300000.0,DKK,45896.0,DK,50,DK,S,1
2021,MI,FT,Data Scientist,160000.0,USD,160000.0,US,100,US,L,1
2021,SE,FT,Research Scientist,50000.0,USD,50000.0,FR,100,US,S,1
2021,MI,FT,Data Science Engineer,34000.0,EUR,40189.0,GR,100,GR,M,1
2021,MI,FT,Data Scientist,69600.0,BRL,12901.0,BR,0,BR,S,1
2021,SE,FT,Data Engineer,165000.0,USD,165000.0,US,0,US,M,0
2021,EN,FT,Big Data Engineer,435000.0,INR,5882.0,IN,0,CH,L,1
2020,MI,FT,Data Scientist,37000.0,EUR,42197.0,FR,50,FR,S,1
2021,SE,FT,Principal Data Engineer,185000.0,USD,185000.0,US,100,US,L,0
2020,EN,FT,Data Scientist,55000.0,EUR,62726.0,DE,50,DE,S,1
2021,MI,FT,Data Scientist,76760.0,EUR,90734.0,DE,50,DE,L,1
2020,EN,PT,Data Scientist,19000.0,EUR,21669.0,IT,50,IT,S,1
2020,MI,FT,Data Engineer,110000.0,USD,110000.0,US,100,US,L,1
2021,SE,FT,Data Analytics Manager,140000.0,USD,140000.0,US,100,US,L,1
2020,SE,FT,Data Scientist,120000.0,USD,120000.0,US,50,US,L,1
2021,SE,FT,Data Scientist,110000.0,CAD,87738.0,CA,100,CA,S,1
2021,SE,FT,Finance Data Analyst,45000.0,GBP,61896.0,GB,50,GB,L,1
2021,MI,FL,Machine Learning Scientist,12000.0,USD,12000.0,PK,50,PK,M,1
2021,SE,FT,Data Engineer,65000.0,EUR,76833.0,RO,50,GB,S,1
2021,MI,FT,Machine Learning Engineer,74000.0,USD,74000.0,JP,50,JP,S,1
2021,SE,FT,Data Science Manager,152000.0,USD,152000.0,US,100,FR,L,1
2021,MI,FT,Big Data Engineer,18000.0,USD,18000.0,MD,0,MD,S,1
2020,SE,FL,Computer Vision Engineer,60000.0,USD,60000.0,RU,100,US,S,1
2021,MI,FT,Data Scientist,130000.0,USD,130000.0,US,50,US,L,1
2021,SE,FT,Computer Vision Engineer,102000.0,BRL,18907.0,BR,0,BR,M,1
2021,EN,FT,Business Data Analyst,50000.0,EUR,59102.0,LU,100,LU,L,1
2021,SE,FT,Principal Data Scientist,147000.0,EUR,173762.0,DE,100,DE,M,1
2020,SE,FT,Principal Data Scientist,130000.0,EUR,148261.0,DE,100,DE,M,1
2020,MI,FT,Data Scientist,34000.0,EUR,38776.0,ES,100,ES,M,1
2021,MI,FT,Data Scientist,39600.0,EUR,46809.0,ES,100,ES,M,1
2021,EN,FT,AI Scientist,1335000.0,INR,18053.0,IN,100,AS,S,1
2020,SE,FT,Data Scientist,80000.0,EUR,91237.0,AT,0,AT,S,1
2020,MI,FT,Data Scientist,55000.0,EUR,62726.0,FR,50,LU,S,1
2021,MI,FT,Data Scientist,115000.0,USD,115000.0,US,50,US,L,1
2021,SE,FT,Principal Data Scientist,235000.0,USD,235000.0,US,100,US,L,0
2021,MI,FT,Lead Data Analyst,1450000.0,INR,19609.0,IN,100,IN,L,1
2021,EN,PT,AI Scientist,12000.0,USD,12000.0,BR,100,US,S,1
2021,MI,FT,Data Analyst,75000.0,USD,75000.0,US,0,US,L,1
2021,MI,FT,Data Analyst,62000.0,USD,62000.0,US,0,US,L,1
2021,MI,FT,Data Scientist,73000.0,USD,73000.0,US,0,US,L,1
2021,MI,FT,Data Engineer,38400.0,EUR,45391.0,NL,100,NL,L,1
2020,SE,FT,Data Science Manager,190200.0,USD,190200.0,US,100,US,M,1
2020,MI,FT,Data Scientist,118000.0,USD,118000.0,US,100,US,M,1
2020,MI,FT,Data Scientist,138350.0,USD,138350.0,US,100,US,M,1
2020,MI,FT,Data Engineer,130800.0,USD,130800.0,ES,100,US,M,1
2020,SE,FT,Machine Learning Engineer,40000.0,EUR,45618.0,HR,100,HR,S,1
2021,SE,FT,Director of Data Science,168000.0,USD,168000.0,JP,0,JP,S,1
2021,MI,FT,Data Scientist,160000.0,SGD,119059.0,SG,100,IL,M,1
2021,MI,FT,Applied Machine Learning Scientist,423000.0,USD,423000.0,US,50,US,L,0
2021,MI,FT,Data Engineer,24000.0,EUR,28369.0,MT,50,MT,L,1
2021,SE,FT,Data Specialist,165000.0,USD,165000.0,US,100,US,L,1
2020,SE,FT,Data Scientist,412000.0,USD,412000.0,US,100,US,L,0
2021,MI,FT,Principal Data Scientist,151000.0,USD,151000.0,US,100,US,L,1
2020,EN,FT,Data Scientist,105000.0,USD,105000.0,US,100,US,S,1
2020,EN,CT,Business Data Analyst,100000.0,USD,100000.0,US,100,US,L,1
2021,SE,FT,Data Science Manager,7000000.0,INR,94665.0,IN,50,IN,L,1
